id,future_price
001d0853-bf7f-5be5-bfb8-d4114f3a53c7,0.347719169637881
01968b28-351f-566f-8b16-8ed4d615a784,0.169179283789946
01bbdc8c-7768-58f1-b975-47c70e01ab51,2.53159613630606
020a022d-191e-54ac-a5d4-47e546bfcdd0,0.153027457497843
020ab66c-b691-54aa-bfbd-73c9c97176f8,6.94648662512139
026e4c5e-87ff-51b6-ac19-94a427d6e308,0.159628015254133
031b48eb-15ea-5ffa-afb0-ee29197a3363,0.181510602667724
03713353-7f34-5a96-bffa-43f1de48ce0a,0.168224156936365
03b33f9b-9e84-5437-952d-4d9cb8911774,2.89903084359048
03b5dfc0-9e2a-5b01-9703-c6ec4e306f2d,0.144473980925001
046523d2-a648-568f-961e-dcb0f015f82f,0.160625807217104
0520cfc1-4bfc-54e0-af57-b6b5aefd94b0,0.203350524971925
053084e5-a110-54a7-8306-556600f144e5,0.160625807217104
058ed9ac-91f8-598b-9310-95991906738b,0.145429107778582
05f6cdb3-dabe-5701-b6d2-1dbbacd6db94,1.53210659898899
0619e623-8784-54c5-89ba-31b14d7501df,3.3110425712556
06cf728c-a5ab-50ee-84ba-84f03e493db3,0.152072330644262
078b5e8a-5b0a-5ed9-90e0-e8bfc01258ca,0.45874370464727
0795774a-e413-5f47-83f7-53fc65fbaf98,0.168224156936365
0849f4d7-f1cc-5b87-a5c9-442bf85cce41,0.173912252948463
086b3a91-a69e-531e-95b9-c29877af7750,0.307774502225024
0893e33b-1ce5-59f6-81ff-0c2bc7ec66c6,0.210948874691186
08d6f254-9aeb-5500-94e7-e8a091e4374e,0.165358776375621
098d087e-d302-5437-9803-638ff10bbdc6,0.160625807217104
0997fe48-2536-556d-b8ad-c16a64bb5069,0.247073034689717
0a299b25-f477-5381-8c79-be2a82c9c66b,1.1082959428706
0a8c5480-5bc8-514f-882e-8e955c22f920,0.145429107778582
0adb3149-506e-51b8-888e-f10e706c036a,0.304039325029479
0be352d9-3063-5c51-a0fa-a2394ad7587e,0.191019206094147
0c24f706-6c16-55bc-b06b-19664edd5274,1.10373363414964
0c51418d-c492-5e4d-88c2-68d08b734611,3.06011669386706
0c7deba4-a68e-5c9a-9b82-f41610b24a8a,0.167269030082783
0c83568c-aa6a-5d62-8001-7b51579c88e7,0.153982584351424
0ca1f0da-d972-50ae-8a71-5ac4ab904ac5,0.802665025939951
0ca9b101-5ead-502d-85d4-f59c45b2a48f,0.499728829132488
0cbb23d6-1dd9-56c0-a257-d2815e62f9e2,3.76391433164458
0d183770-9055-51c9-9995-e59279b23acb,0.393309267953446
0d1cfbf0-14d8-531e-8e71-3bf6e3322d39,0.205260778679088
0d20bccc-09ea-5a65-ab0e-618fc3da6f07,1.34688082516599
0d374f35-2956-5390-b1c2-8f0d7d7efa07,0.168224156936365
0d5ab578-6e97-5e54-b431-b3d8f874a8f6,0.243252527275392
0d6eeb92-57d6-5ecc-8b00-46449232eae6,0.161580934070685
0e320956-6d32-5282-9827-ec6d2306be36,0.22805582783687
0e333d4e-c131-52e3-87ca-20f8ac8f0709,1.40558670877535
0ed783f4-0a08-586f-9902-cd5e07997e69,0.153027457497843
0f8ebe99-c5ee-5794-972d-85698dc5c5cd,0.222367731824772
0fa40d34-9295-59e0-a711-915c45fdf84a,0.152072330644262
1019f940-5e25-529f-96f6-4018df4ae078,0.145429107778582
1045b9c8-6c0b-5343-b735-36794d480ce7,0.179600348960561
106368fe-ab11-5320-bdaf-d3eff2b988cd,0.160625807217104
10ca51ad-dc09-5f28-be8d-17d2cee866ee,1.12049926642021
10cf6cb5-8974-52b5-b4c9-c006ec8cb017,0.153027457497843
1115e4da-8bcc-5b8f-84b7-f54b31ff2be0,0.174867379802044
11444b01-bfde-5004-9230-3cbfa1f13cd3,0.245162780982554
116e2c8e-a395-57ba-a597-1dbe8469ec96,1.65327971406565
1188dc92-4161-5686-a4ae-dbf954b06035,0.327789501040843
11b558eb-26a8-5936-bded-0dafae3001aa,0.278378895310952
11d28cea-a911-5fb4-bd3e-97e74b1d9df9,0.153982584351424
11efbc49-273c-5b6a-ac08-2e07b7c36774,0.219502351264028
12ef371d-7456-5926-ab7a-6f9a86503555,0.181510602667724
12f6b0ec-9709-5da5-815a-235392c0e86d,0.354362392503561
13f12e65-a26e-530f-b893-ccb1cf9a150d,0.164403649522039
1415a363-f586-52b4-9c1c-06c82e8b2609,0.797761396343875
141f80b9-9f36-5467-b0be-96b0d270d47d,1.59775436122977
14efa14a-4f2f-5171-bc1b-4b97babd345c,0.181510602667724
150bfdcd-49f4-5346-bb26-6ee326674a5e,0.160625807217104
15262950-b671-56c8-b8cf-d3df2a935a3e,0.202395398118344
15591aa8-7bc7-5381-bb2c-84d55ad33c30,2.66878035077043
1595ce6d-81cc-5a2e-a70f-d89407c90e1d,11.509924727226
15b364e0-16d9-5c4b-ae79-cb06edf42c43,0.203350524971925
168abdf6-68de-57e8-a0a4-1b46062137a0,3.60585876081575
16ad0e09-8072-50fe-bfd0-0f21bc15ee92,0.205260778679088
17e06a6c-a827-5555-9ea6-2f3c500ccb9e,0.205260778679088
188b2e5e-97f7-5439-8796-3d8c287c92d4,0.145429107778582
19023c3d-96cb-51f5-9570-7e8b54c60b30,0.169179283789946
192357f6-8f4b-5e0a-bb33-912e63be879c,1.302245853704
1927ddb9-e64d-571c-9d26-5e5d79c790b4,0.163491187777848
19aedc26-7be0-56f2-a72c-e6ecae3d1797,0.160625807217104
19b1cdad-4e9d-5dc5-92ea-1ea95f5a0adc,0.245162780982554
19c041f9-5b3c-5baf-9d18-fd60780d9730,3.00667225517589
19ef93e5-f70f-52eb-a367-3ac4db467429,0.955101336528456
1a0e0142-1f5e-5c5e-8a14-e0b394531dee,3.83814174112058
1a1446d3-15a6-5b94-b23a-ce170cfdc7a0,5.05607069099367
1a92ffcd-43be-5ff5-a241-8d879bd951c9,0.169179283789946
1ac03ce0-9d21-5936-b24a-ece76910bdc8,0.144473980925001
1c1995be-d548-53ac-b6c1-b83fed474e9f,0.195752175252664
1c4c7613-6432-5cfe-bfcb-36e50a429eef,2.27865512518372
1c7ee4f0-5c38-5ec0-a827-cbfdc4536b97,0.137830758059321
1d00e4b0-92ba-54d7-9261-fc4ff65487f2,2.97453926302924
1d34b892-a440-5f88-8436-5424d0af7d27,0.245162780982554
1d4cfb3a-c4b9-5b74-a4e2-b3d5c86b741d,0.708662113857467
1d7694a9-6cf4-5bd6-b94f-f9f8ba76ea14,0.211904001544767
1d8e7306-7256-5104-adf7-11e4b32d720d,0.169179283789946
1d9a5a3d-cd57-5f56-9519-356ed0944347,0.204305651825506
1d9c7c31-6cd8-5002-93f0-c89b4471f088,0.181510602667724
1de6d9ff-799d-55e9-9466-6f9ee033768d,0.321146278175163
1e361df1-1cd9-5cbe-93ac-d931e5313f04,1.73346770465709
1e634008-d4f2-523a-bba3-3914ad778fb3,0.321146278175163
1e763d4f-1579-5e82-964e-a4125052a139,0.195752175252664
1e8b3f16-91de-56d8-878e-2e0bf9050c3e,0.153027457497843
1ea159e6-6747-5466-93f5-ae0759efc74c,0.153027457497843
1f1385d8-ec74-5d7e-9942-7e67947d825f,0.22805582783687
1f146e53-cb7c-5f04-ac8d-0b64f7dcab19,0.153027457497843
1f8f3714-08ff-51ed-a144-f37dffc652cc,0.236609304409712
1fa3cc0e-1089-5954-a112-68357c8e6774,1.52818426690888
1fab25e0-47a4-5b66-8dae-965ce5787e10,0.143518854071419
1fb644a7-8853-503c-8aab-4f20916b2db1,0.165358776375621
1fbcde50-b226-5bee-82ae-2bef3b1ec441,0.308772294187996
1fc0a883-ce23-5fa6-84ad-3b348ea5b776,2.10068638020486
1fc14ef8-d239-5c9e-91f2-f5881e4964ff,0.160625807217104
1fdb60bd-c30a-5375-b1ac-0d3063c0a252,4.48840279175653
1fff9abd-8bb6-582f-96ff-a45801797bac,0.190064079240566
201168a3-b0fe-563c-aec2-03929ad3ad51,0.169179283789946
20b0d67a-336a-5924-b541-28f52b3d348b,0.193884586654891
20e4342e-b922-55c3-87df-b5df1c822cd7,0.20717103238625
2148bed3-89bf-598e-aa31-647d44097e68,0.399125359293714
21495047-ae3f-5093-95f2-38d84ea32680,0.845645734351111
2186779d-bb25-5b42-9c83-3c16eb9d73c8,0.145429107778582
21870454-8080-5d90-8d81-1706a85a6a74,0.145429107778582
21c0902f-9e47-5be4-9357-eb1348723c81,0.340035489699841
21cc3904-5ef0-5f93-814b-4f8cc97c9458,0.283154529578859
21e82998-c663-5ff1-8b64-97e7337065e6,1.3577877009869
21f57d1c-df8b-5b9d-a8a0-23fb51925986,1.81800467842255
221456b7-1357-5525-af30-4dbeb3645d92,0.145429107778582
223befca-0b4d-57dc-98e9-22988e7841d8,0.177732760362788
227c68e7-9069-5900-ba0b-898a17fdf11f,0.392311475990475
230710c4-371a-5b74-b8ee-ca754427a884,0.188153825533403
2327ba37-2fdb-5c23-9d27-a146c30ef1e5,0.160625807217104
23501923-0856-5e13-955f-c104534ab0ad,0.168224156936365
238aeb18-73eb-5246-a7ab-230d2b06fa83,2.86568097238336
240147cd-9995-5107-b902-fb155a714896,0.145429107778582
246e23fa-6df1-5a97-abc2-a2ee3fda0476,0.169179283789946
24b4d93f-d5e8-5a4c-b873-b14594711904,0.179600348960561
24e2945f-5c92-5420-9a80-ec5c4861d08b,0.211904001544767
2500f74d-eafb-5799-9637-7d5c3fedff6b,0.198617555813408
25ae0edd-be1c-5cb9-af4a-5fa66ebd219b,0.240387146714648
2670c113-3b31-589a-ad53-57c415417e62,0.164403649522039
269b52e7-efee-53d2-af73-f4fce0a32a90,0.283154529578859
26ab4020-2bfd-5cf7-b722-e02cc241c4c7,0.160625807217104
276db6f3-7e03-50a9-8d62-34324df99d0a,0.169179283789946
277862eb-1bae-5c16-8087-1a277e9cc009,0.144473980925001
27bc634e-c145-51ec-a8d7-61e332934179,0.203350524971925
27c7e203-63a5-5879-90e1-d727c5992790,0.179600348960561
280b39d2-e821-59cb-b5e1-b8bed73ddf3e,17.597082590615
2828ac64-eca6-5c71-998d-5044d0be8fe0,0.169179283789946
28661e97-1f9b-5c07-9997-cea890aac8f0,0.220457478117609
28932b3e-4ca0-591d-8ad0-50606395fdc4,1.26204519563481
28baf16f-0445-5947-a4bc-1bf954968d0e,0.153982584351424
29025235-14e0-5782-a45b-04366e053b81,1.31067133494868
29d879c8-d1ca-558c-add9-c54a04e050ea,0.738057720771539
2a083fb9-2bb1-5136-972e-7578e5b84671,1.56632050528036
2a2eddcd-dcc9-55e5-b9ea-8d7c5eb98507,1.34393011438646
2a325ed4-281d-5bb6-a49d-326ad6890dcb,0.165358776375621
2abbd540-d90a-5931-a84d-93d3be502dd5,0.181510602667724
2adc9971-bf38-58f2-974d-236f711579a8,1.65393618515351
2aee9bc8-8a82-5230-8415-a0a0aa10db03,0.202395398118344
2aff1748-b178-5558-a04f-94bf0f916dd6,0.985895215837013
2c6b1134-b0ea-568e-ac6a-ed57bd5d7c94,1.12752647527039
2cbe2154-1463-5af3-baa8-a1d97c3d0109,2.2992841998653
2ce5f550-d4d9-5fb2-a67a-4de520946289,0.634460875043851
2d296473-c37d-5aee-ba0a-a75cbc4898b5,0.169179283789946
2d4e0cc6-9db9-512a-9cb3-ef0498256926,1.40558670877535
2d8e1d43-2c1e-5e6c-baae-743cab37b689,1.94619532613401
2d9356c7-d3f3-5b77-aaae-cd9bb4c769f6,0.253716257555397
2e00dd6a-795a-5f54-bc2f-941092eb8809,0.245162780982554
2e4d4fbd-cb9b-551a-8270-2aa09d41458b,3.31394094071036
2f625d56-63c0-5a0a-b514-4ba2d38b9976,1.65327971406565
2fac29a7-49f6-5403-a86d-feeb1dd1dc37,5.19974622442181
2fe7f7d8-71f6-5398-a981-6ef40f2b17a0,0.152072330644262
2ffcf946-47c4-5fc0-acf5-f80a9f762b9d,0.153982584351424
301ea8c7-1c8d-504a-9faa-ae8b86b02436,0.180555475814142
30c6dc7a-4e0a-5049-8be4-fa95b72173cc,0.144473980925001
31721c59-6a0a-5225-b464-5eafd3418501,0.181510602667724
31aef444-2d9d-5cb8-8312-f6ddb14c87fc,1.59661207949162
31c79472-07ec-5775-938c-7c3f4f8ced78,3.379214393182
325b0e46-b157-5477-91be-362261bc3cbc,0.169179283789946
32d6b7eb-4dec-5ff6-8190-f8b042a63591,12.1365352862328
32f18f9f-29f1-5afc-b3bb-0dc4cc02c328,0.296483640419608
33b19dff-207e-564d-b6c1-736772464feb,0.169179283789946
341cb502-8132-549c-bd20-7f860988327e,0.160625807217104
34382a9e-6ca7-505f-9aba-a6fd7d8b3631,0.426568047391234
344b3de7-f937-5238-b0c2-689b11921d12,0.202395398118344
34d54d10-bc04-58eb-a032-c516033510ab,0.205260778679088
352f9533-f99e-546e-abde-ca5974a707e7,0.153027457497843
35426f54-0afd-5db2-bc2c-73dba0c8ba00,0.169179283789946
355be7c0-2ac6-5732-b0c0-b575298e1c92,0.175822506655626
3561fa55-4882-55b4-b880-62d6d5ddc4f9,0.167269030082783
35d6b632-f673-5741-805f-e6e7d2740218,0.206215905532669
35f81a81-17cf-5124-9e73-f80a5fe8f092,0.539545501217175
3611b860-7254-5766-afff-00a73ed1dba0,0.426568047391234
364b2c9d-1950-52f8-aa00-b71d2f4835b2,0.203350524971925
3657de8a-7747-507f-9552-733a08775bd6,3.76716369818983
3677af66-7820-5b00-a9c1-6318fe211912,0.153982584351424
368f7fdc-06f7-5f75-b5aa-09d9a5f4caee,5.72053688757133
376e02a9-551a-5777-ac66-a46b14eccfff,0.167269030082783
3792b8bd-8352-5503-b1df-eaf5efc37903,1.12049926642021
37d950a8-aa0b-561d-bc49-5978a4582772,0.240429811824038
37df4abb-48b3-5079-b20d-05ae85c0e720,0.319193359358611
383614c2-c1f8-506f-b580-155d9c16ee13,0.169179283789946
3862c70c-0d1b-5ee2-bdc2-39ce53c863e1,0.203350524971925
393c0560-746f-5b99-9f6d-f6743ab49242,0.163448522668458
3a5ff30b-f8e7-514c-9825-bdc475f4dd10,0.168224156936365
3ac3bda8-7fba-563c-b582-ddb9b0cf798e,0.152072330644262
3b78e01b-966e-5ce6-a1a6-7331700ab4fe,0.169179283789946
3b857c57-b0b3-5f58-9a7a-1f084a9f8a42,0.330612216492197
3cf399d8-cf3a-5599-8bdc-e7e29c9a974f,0.180555475814142
3d071ff6-9167-5381-a327-391e57980a8f,0.145429107778582
3d0ecc62-99ea-5693-ac5a-aa35606d5b0f,0.153027457497843
3d18687a-c2f8-5d0e-a56f-8482f98c1bab,0.238519558116875
3d2af271-22d7-50a5-887d-b4427588c49d,0.162493395814877
3dcaa7ae-e3fe-5df6-9719-9a936525b2b1,0.204305651825506
3dcbb340-6110-5604-b149-21f34837cc84,0.169179283789946
3dd5f8a6-dd09-5065-972d-599f881e0611,0.499600833804319
3e45a87c-ca88-562f-b0ac-aadd2686e348,0.145429107778582
3eb21610-86cd-5b74-94b5-070ce05cb716,0.172957126094882
3ee8ff41-e604-5d62-9299-e8e4f8131a5e,0.145429107778582
3f39991a-bbd7-529f-8ab3-58d06d328eb0,0.143518854071419
3f74267d-edb2-550d-8315-c91f543dcdd1,0.160625807217104
3f9eae4a-7476-519d-b46d-baec4717742f,10.3530334777983
3fc0e0f1-4a60-57a2-9aa9-2f774a36c430,0.145429107778582
3fd844a0-c65f-5a51-9740-2d99731abbf1,0.186243571826241
403925bc-89a4-502e-84e0-bd3147c0ff60,0.181510602667724
40dcb76a-fbdc-5066-bc90-618e9cd22d9f,4.2564873029892
410cf2d0-2e16-5678-b9a2-88d5427559da,0.169179283789946
4113e733-d0a2-5e12-ac05-280ede15201a,2.73950240304484
4146378a-0393-51f9-91cb-8f9160f11c0e,0.347804499856661
4168a83f-556a-5733-99ed-063f4ad323b9,0.160625807217104
41712a5c-c1df-5303-8fc2-89fd14fc9986,0.427523174244815
41961449-ded7-54e2-b3f2-c4184a07a9b4,0.167269030082783
4246897e-0a8a-595b-b550-52ca9b43bcd9,0.152072330644262
4247f63b-b696-5824-bd87-9c55d2b8898b,0.152072330644262
43573a11-d64b-5d3a-8188-f3567a2e3a16,0.204305651825506
4374b053-546c-536e-ab18-8efe4f463b66,0.204305651825506
43cb19fb-68f8-51d4-b8a7-85672c6f9bf2,0.169179283789946
43d7835e-7a44-51e0-b707-690f9c943428,0.194797048399083
43ee2f67-2fde-50b2-9676-099bfa0333bc,5.10963286903215
44046a2f-52cd-536c-af92-08d700791ac1,0.169179283789946
4444f03e-0712-5d1d-a4ba-ef6b90f70a1c,0.191019206094147
44bc5b9f-3c3b-5575-a6a3-fc77a777bacd,0.175822506655626
44e404ad-298c-5574-95be-b6b199a5b9c0,0.771359165318716
45136d79-8bbc-50bb-8c06-0163e6920a8d,0.153027457497843
451b33cc-d9f9-5b9a-a2c3-42dc587a5f44,0.169179283789946
45fcc80c-7a7c-5be7-901a-d02d02e7bdec,0.177732760362788
478450f1-63f1-552c-81c7-7a6c5cb20456,0.243252527275392
47aec92c-0e34-564f-962e-1acf30ad354e,1.0737668863665
480d9784-927c-507a-ad7c-2165c60d0a34,0.165358776375621
4837edf1-a597-5f7e-82ee-d8a509aa84f3,21.9788978448517
48463bfb-25fb-5af0-a376-eb229261ed22,0.245162780982554
485ce9d9-f8f0-5372-b4fd-987ef48911c5,0.169179283789946
486267f8-b173-5f81-862a-2579735ed9b1,0.21368625992376
487b6042-7f29-5958-8b03-37055f49bdb9,0.153027457497843
48be2986-df4f-5d0d-969a-c056180fd531,0.36764883823492
48e6782a-318a-587a-8bc6-3b1bff6fb825,2.66404738161191
4953fea2-929d-566c-b309-a6f7152e55ce,0.153027457497843
496f2591-188b-53b8-9842-bb2b11638569,0.176777633509207
4a75d855-cbee-589d-b287-bba6b05647d3,0.193841921545501
4ad23181-7457-5c55-a96c-49b66f7d085d,2.08737101322015
4ae1eb59-2ffa-51df-95ae-da27199e7bd6,0.160625807217104
4af9b080-b5a7-5eb2-883c-b176be12963b,0.160625807217104
4ba8b064-c73c-567d-a052-40a80a31fade,0.208126159239832
4c231935-5c2b-5d20-8784-d6bf003bb499,0.603112349313227
4c64749f-25ff-5a8c-b7cc-d8df7cf18dc4,0.21381425525193
4c904118-5020-58b8-ac94-afa130afa168,0.153027457497843
4d02f900-c0d8-57e6-82f9-f53388e7fe29,0.185288444972659
4db7c9ea-abd6-59d5-9303-460615fb5b54,0.245162780982554
4de3df16-b375-5010-b45a-d680c5315c02,2.16958350899088
4e76f8ce-7631-5f51-a725-0de4f1f19720,0.147339361485745
4e842059-b597-539e-a2ff-90d60ea15007,0.453925405269974
4eb1fd76-f7e8-5131-b7d6-23f8be6645b0,0.355360184466532
4f2db002-4b48-5493-821e-1146fcd26ccb,0.169179283789946
4f803b06-0ffc-5500-85c9-82bd124042b2,0.427523174244815
4fb7ec96-0956-5ca7-b9a1-b3a935cc2e49,0.145429107778582
504d5656-3471-5c7e-8fa7-2790c7b36213,2.70607296316949
50f8d518-6b5c-5517-b797-e3d9ad926dcb,0.169179283789946
5126b4f5-2ff5-5eff-9469-c4a936817ddb,0.169179283789946
512c2d25-d040-58a2-a871-366ba4627ac2,0.525175933304066
516838fa-0044-5be8-bd0e-59ffacfa74dd,0.761594571235954
51f717a7-d5b0-5921-81d9-d929cddab2fb,0.161580934070685
525d2c93-1c47-58d6-8644-64206493ef8c,2.65463468519273
52b67ac2-083b-55c6-ad6b-54dea616a9f2,0.602157222459645
52e82f9c-de03-5105-bba5-cd17ba11e79c,0.169179283789946
53577520-368c-51d6-a707-c2c51c95a9c9,0.168224156936365
53a14221-9cfe-551a-8a84-2073162b0ac7,0.177690095253398
53c0bb59-43ec-5c15-b5e0-dd731aca59b8,0.312592801602321
53f22b54-157c-5204-af28-0345d8774953,0.144473980925001
540d9477-58dc-52bb-9aee-9fd53d5ae621,0.245162780982554
5497ea8f-9055-587f-944a-6fca5c87647a,0.22805582783687
5499f09b-209a-59df-863a-df84cf274fb1,0.169179283789946
54a245c5-272f-5261-ac76-704e6b63b6dd,0.716260463576727
54e5cb61-361b-553d-9019-cc5e5ab96bb4,0.169179283789946
55f128dc-39dc-547a-97bc-746992d76834,0.523564335362631
5617ba9a-d75f-5aad-9af7-9111d09cfae7,7.59961297480131
570952de-e6b1-5144-b112-56460c2efa79,1.58022075699018
57130e96-efa1-58bf-9a75-3ebda7f1923e,0.152072330644262
57420781-f6af-5a70-a1a6-1f4eced430a1,0.245162780982554
57d8b76b-b23e-5d8c-8272-d40e47faef84,0.160625807217104
5847c065-df99-5b90-8979-fcf33ac54e32,0.152072330644262
58f6e1ae-1331-5a19-b977-56f1e10082ea,0.203350524971925
593a9610-500d-513b-b3e9-576478ff180c,0.477888906828287
59f8b794-a610-5aa0-bd27-fbbe480dfda3,6.92841850227746
5afb3dea-b505-5b9d-ba44-b008efab85d6,1.53879248696406
5b8c6369-c9a6-5103-8df5-a0afcf93b745,1.76483272483472
5b900d59-4901-5531-b69c-03b39237e54d,0.238519558116875
5bacaebb-cdb7-5174-a856-d7731b24b3b9,0.152072330644262
5bbcd0cb-bbfb-5559-8e93-121add326ab1,7.45646769815191
5bc39a75-2ffe-5419-8b1d-24b74a12932c,6.33560273439994
5c04fc5f-a8c1-52ec-b11e-52c73f285ee9,0.152072330644262
5c293c07-8284-5879-bb4d-115d4327e41c,0.169179283789946
5c9a0069-ab69-5ebb-911a-ab403a2a68f9,0.236609304409712
5cfde134-b331-5565-976b-eae38d4e22c9,0.71691693466458
5d557568-f2b2-50f5-b847-11e40e2600b1,0.161580934070685
5d6844c7-8854-5308-9b95-9e6782bab3ef,0.284024326213661
5dd9ef2f-2877-5a44-98c0-72813d5d7de3,0.356357976429503
5e3be15e-e89e-5dc4-8fc8-d2c79f7bdc1d,0.241342273568229
5e9793af-a24a-52cd-a681-48ec36269079,0.802622360830561
5f22783f-fd8f-52ce-bb87-98e383fb4d2e,0.320191151321582
5f3b1582-6842-538e-b680-310ea848d093,0.144473980925001
5f7e5ae7-2e6a-5698-85aa-6e739b91f359,0.279376687273923
60808e86-8a67-5054-8be8-086598ae36bf,0.145429107778582
609d3507-1d05-5074-a10d-e243b639c955,26.2998882833164
61499806-384c-5b30-a94e-a873cfd33e62,0.160625807217104
62a9946f-f305-52a4-91fc-879b07aefc9d,0.169179283789946
63006ef4-18e4-5fd5-87cf-530a1fd27fca,0.20717103238625
630639d9-608d-572c-b776-99ce5e7b8b2e,0.169179283789946
631cca45-6acf-51e9-87b7-a89c5b30624f,0.152072330644262
632ad0f4-99b7-554d-bf0e-0d33565dc225,0.20600257998572
63476d96-b874-56fb-bc40-859c13650bf8,0.153027457497843
63d017a3-3794-5f70-9a92-2a7ae43a8569,0.245162780982554
64614b96-d808-59f3-ba59-b34b69944e94,2.91761563779887
659b84c1-572a-5912-bf19-7018b2a4bdb2,1.53480131911218
65c0fcf7-9cee-52d8-9ecd-0cc4a2cbdcc5,0.243252527275392
66164eca-e6a5-5f7d-b47a-28ea086411ab,1.35239826074053
6641a2b9-6322-5cf7-9e7c-3c02ab866c23,0.169179283789946
6648349b-ea61-530d-9b6e-56139d7b9374,0.153027457497843
66a34154-2741-541b-ac6e-30b4edbb963e,0.168224156936365
67861d16-f382-5625-a1e6-fbbbe181fb79,0.143518854071419
67f9004e-6c46-509f-950a-7691a2ab3e2b,21.9788978448517
686e650e-6547-5bc0-8bbf-e19c4458d01f,0.153027457497843
68732e29-afef-504a-aa34-fc0b85013588,0.221412604971191
688975f6-7bb5-52eb-8d47-64b6560a5f1c,0.806442868244887
68b1f93d-2cdc-5fd6-ab7d-7338771a44ca,0.278378895310952
6935974f-46f6-5870-a301-fbbe6e3c5898,0.395961322967241
6972359a-5944-5379-9645-297a886167fd,0.203350524971925
699a0287-dd11-5bb0-a288-d706f98e1d10,0.19292945980131
69cfc698-0926-5953-a5d9-84dba8bd15f7,7.7991929472862
69d1eed8-ae55-525d-9d21-dd7da95fe74a,0.144473980925001
69f06f71-a0a9-5520-814d-2c7409c3c081,0.176777633509207
6a0ebfa3-db7e-51c6-8b3d-801472ee2614,0.143518854071419
6a66d62d-8993-578f-a752-9e56043dd6ef,0.241342273568229
6a84ef1e-6b4d-5d3f-ab0e-3a020c0d4745,0.153982584351424
6a9e3fa3-7dfd-58c6-b319-34ab7f47be17,0.219502351264028
6b7b3f93-f8a8-5e76-9038-87b5567257dd,0.411243352624543
6b9350b5-a25c-5410-869a-b96a6fc4df6e,0.134965377498577
6bb046e0-3741-57e1-a8bb-9de4d6429b52,0.145429107778582
6bfc96b3-e4a5-5d8f-85ae-9b19021869d3,0.229010954690451
6c802537-c9e3-5e92-9677-ed88788d402e,0.245162780982554
6ce15528-e7c9-529e-b099-9b42490c25b9,0.572761615545573
6d152244-4b35-5e9e-b473-0fa65bcfac51,0.162536060924266
6d31b7d3-e09e-5e2c-a160-d68146afd9cc,0.169179283789946
6d5a045a-0582-5513-a8b6-fc0ad330ccc2,0.153027457497843
6d8c7c9c-e2ea-5089-b68e-6fd20a9d2d64,0.160625807217104
6f433059-3c81-5204-82bc-71beea118e5e,0.791459494353314
6fe08387-4e83-5dc1-ade4-dafcfcd40815,0.20717103238625
7039565a-85af-58b2-914c-56dab5e4bece,0.245162780982554
708c4f96-f9de-5a35-b0e5-19933d14b81f,0.169179283789946
71260df3-55b2-5f90-bc38-495d4056700c,1.8955736028942
71d28ade-2ced-5432-bacb-f737c2f49607,0.310725213004548
7231d86e-bc81-53df-a6e8-db49126b4865,0.145429107778582
72506474-5afd-51c4-aec1-9af7e396d5cc,4.48840279175653
72d0334b-fa71-580f-a1f2-177fa687c71b,0.205260778679088
72d2ac8b-e0d7-59fa-91be-044f057a5005,0.160625807217104
72f313d7-9703-581d-8373-5dad6b231213,0.202395398118344
731f562b-1efa-55cb-accf-33e4b2711bb3,2.04098270463252
738e5d4d-3256-5f64-932a-1eafb663954c,0.806485533354276
73bb7f30-2a6c-5807-9837-0df5ad357e15,1.00786313346938
73f1982a-4f52-53bd-9696-6d0a5c027828,2.73950240304484
740e4602-d376-5006-95f2-d718b5e8b46a,0.143518854071419
74ff44b9-c29c-5f37-8e09-954dadd7aa69,1.52807276602772
75103ad8-b933-5551-9ad3-d52afdea565e,0.181510602667724
751d746b-d1a3-51a7-a84b-328fd156cb5c,0.278378895310952
75bb3c31-045d-54ca-8db8-2858eff7842a,0.160625807217104
75c93923-e286-5fa6-a6fd-b89b872a7fc4,0.145429107778582
7616aaf3-b7c9-58ae-8dcb-86ec82a0c279,0.161580934070685
765e1da6-13c4-59d1-baad-a516173ecaf8,0.205260778679088
77496d6e-8967-53a9-b8df-54d511422ad3,0.796891599709073
776ba4a4-9e65-57a9-875e-5f0e327d94fb,0.168224156936365
77de56b1-a7aa-501d-a694-f15093b55b9e,0.172957126094882
784552be-e90c-532f-9373-5fa513921ad9,0.350541885089235
7855f337-508b-5f5f-a106-c1c2e4ee2e27,1.72491422808425
78641ef9-be94-50aa-923b-71c6e7c53ade,3.48799201366204
791970ee-04e3-5369-9710-24cc028efc3c,0.160625807217104
79383ed0-f096-55c1-97fc-689fa20f85ad,8.97615570036858
79512570-5b74-5548-a184-459b60a7aee2,0.167269030082783
79a1ee2c-16d9-5ae4-acd5-f05c64110a7a,0.416974113746031
79a8fd96-44e6-5da1-942f-17026a35471f,1.73346770465709
79b6f1db-13f7-510f-a41d-38715355d38b,0.176734968399817
7a0b02bd-d827-5343-8661-2f33c49a4b85,0.170134410643527
7a43c527-304c-504b-af3b-e80aa8326886,0.169179283789946
7a5f57eb-069b-5429-a103-67a89b807ad9,0.793071092294748
7a6b28e3-9839-544f-b9a1-22aaa8da8424,0.33247980508997
7a6b3ab6-c021-5e08-85ab-600bc1d71328,0.203350524971925
7ad3f4b9-4103-5239-9db5-1b99e4d78ef8,0.160625807217104
7b393b0f-dab7-5095-b2eb-a4d57aa5b4d7,0.145429107778582
7b5f6460-2fd4-5f6f-9c87-05aba9605083,0.629813236104114
7bbe44e0-9442-5ebc-8211-874e5e46e4a5,0.145429107778582
7be3ef44-e27e-5aee-8a49-d8d48c0d1d31,2.29658920985482
7be4d1c5-8220-5738-9c5b-206b1478896c,0.153027457497843
7c3229e9-6715-5627-b4f6-defec2b5c2e3,1.55581410989097
7c47a48c-7868-5775-acf3-cd41c2ec2963,0.144473980925001
7c8c4ab7-b4f7-5fe2-acea-2e8280a88655,0.166313903229202
7c9816bc-5e6d-56e3-b281-5836829e89d1,10.0340043124664
7d7edeff-6fd9-5706-9812-83d23a577715,0.160625807217104
7d8e9b39-11b3-5e45-a246-93b962f404b3,9.64081602650664
7db33454-8d71-5364-8d5a-a467b28faa32,0.168224156936365
7dd4f91e-3d71-50a4-bf98-472311d6d67d,0.330697546710976
7e9b5fa0-4d69-55f3-88a4-7bbdee0f8803,0.152072330644262
7eb0f276-5e32-5a1e-acfd-9b0ddc19b845,7.41256806947019
7f781f16-721e-58a8-b7b6-57e439401ffb,0.369388431504523
7fb121f8-3453-560a-be66-4000fd1f6856,2.29363849907529
8024f562-a90e-56b4-a7bc-272f9f7cb33b,2.10068638020486
80593824-b1c1-5c61-97d3-74e34a2b5547,0.243252527275392
80750f4e-46a5-5beb-8cb5-4b7cb970582f,0.153027457497843
809edc2c-6f18-5dc3-9d02-50f10d8d7e18,1.49112147450378
80a13533-8b24-5c6e-8200-1dca00cb2e16,0.245162780982554
8149e063-8a3c-5d93-bff9-ed68ad7e2714,0.22805582783687
82c0857e-0c2b-5913-a795-f1af575b8bc6,1.57595710403495
83439ff9-2a32-57bd-a805-a075ca36d156,0.247073034689717
8396f306-b79a-5ac9-b67e-87da616711e9,0.153027457497843
83adc2dc-e66c-5320-8f53-abcf4f5721f5,0.180555475814142
83e7abfe-18d6-5913-ae07-07f9cc04e00c,0.337255439357876
83e8ad7d-3b10-57d9-b138-31f050f5c781,0.168224156936365
84066d4c-af78-555f-a2f4-5aa680c3b6b7,0.378155233624314
844fb80c-4ab2-5b7e-8536-c9b104551211,0.811218502512793
853d63bd-5fb7-5a16-9123-9aff25b65b2d,0.169179283789946
85629bad-0e58-5e96-a68a-81dc4db67b5c,0.181510602667724
8573053b-3066-5170-b33f-60570b2ecd14,0.160625807217104
858703ed-c261-5d0c-8887-b731db333f13,0.169179283789946
85de4ccc-896e-59ac-9331-953f16c3b759,0.245162780982554
86026fef-6f73-5348-a40a-a9c77bea8912,0.169179283789946
860ca516-c2dc-5ca5-9182-a47f17150796,0.166313903229202
861917eb-266f-504e-95ef-4b197d507135,0.432256143403332
872af594-38cb-5737-ae2a-24f48a4d7491,13.3141077076759
874aa1fc-c8f8-5b62-9e62-6ba58e6f6eb5,0.236609304409712
877a7bbd-2fe9-5ce6-8f43-9b658e355a0e,0.245162780982554
877d3622-8fc8-51db-8c81-485cae4dc939,0.185288444972659
88450005-af1a-5bb8-ba76-42def1ebdae5,0.169179283789946
88e419b1-10d1-5373-8b0b-a516dbb98725,0.160625807217104
896d5dd9-f7a8-57bd-b714-7277a57bf532,0.777831727746836
899d5690-bcc0-56dd-8304-396ba79e6b57,6.70698323823715
89b93d05-2fd9-5e49-bc2e-49f1a7ebc57f,0.185331110082049
89db146f-6424-56f5-a57b-ff85d0215c84,0.383800664527023
8aac9665-05bc-579f-a506-4e5c084867a7,0.160625807217104
8ae8d512-d4b1-5ebe-b3d5-9cf306894a58,0.203350524971925
8b437048-3c1a-5384-bd00-ab68eef3c4ff,1.83552860644675
8b9f1f4a-4183-5d4a-8133-bb9f94e507cb,0.143518854071419
8bee9ef9-fc85-5f28-87ab-c871d8beb369,0.683871480773742
8c02a562-ff2b-5eec-ae9b-c09b09821f5c,1.66503989207436
8c546b22-015c-5dea-ad5f-43b02e6cc79b,0.754252212173032
8c8d250e-50cf-5cd8-b53f-121a41b55b84,0.33247980508997
8cb27e2e-9993-55b4-870d-a5ddf54cf6aa,0.169179283789946
8cfde9ca-2071-5c6c-ae5e-52db61aba12c,5.07628875937559
8d259c9c-670e-5436-8963-23f7f6ab0eb8,0.625992728689789
8d88986b-c252-5bc0-a4c8-af3a2895b029,0.24898328839688
8dcfe38b-8594-5e4f-ab70-e49022143d7b,6.73797394864565
8dd73fc8-9969-5501-ac5a-ca0ce1f6cf5d,0.193884586654891
8e1a5afa-aa53-54df-8ebd-a3b14dc5ee3d,0.245162780982554
8e249d54-3bf3-5feb-ab70-dbe465539373,3.25843228761176
8e4452b9-590f-5044-8c24-25e89fccf76a,0.160625807217104
8e4917f4-027e-5913-93dc-25d1f15d3b12,0.25558384615317
8e6d1af6-73b2-5583-a592-6f8468efd075,0.166313903229202
8e7762e5-a963-5992-87e4-3c283f580f48,0.181510602667724
8ed2b7ce-40d0-5fe8-8396-e1892331e870,0.168224156936365
8f24a7c5-0ddc-51fc-bcad-390d0d1fefe4,0.170134410643527
8f439167-09bc-59cb-9fec-be6c8caba91b,0.153027457497843
8f65859f-4168-5119-aa85-a32897de1437,0.145429107778582
90b77f86-4bb9-50f6-b9bc-d40ddd0ace71,0.160625807217104
90e9cce5-9c27-53ce-99b0-f5e73fe63e5f,0.393309267953446
912a112e-9185-5de9-97a5-d87c93da70f4,0.193841921545501
912d39ce-ab43-5f27-9a77-5be887b98a36,0.129277281486479
9179966f-efb5-5536-9432-cc8929272f62,0.377029446333174
91b2f2ec-714a-5c95-9942-f883f41ff052,0.203350524971925
9253d9e4-5049-5c12-a7b9-a274b5ed5c49,0.203350524971925
9263b8b5-96bb-5599-be8a-b931531a9cb6,0.169179283789946
92819a55-b811-5d37-a3a7-1e6843bd3514,0.193841921545501
9297fafc-12ee-5311-9f5f-f29f2e9dabb5,0.312592801602321
930c781d-5d65-5b97-9b85-3dd8763c9b8f,0.145429107778582
9329b272-388a-5813-b07e-7f3efcc90a3e,13.3141077076759
9349c134-67e4-5c4b-94a4-24995684539f,0.165358776375621
93548bbc-8cb7-50a5-b3a6-cfd37ca4f801,0.317325770760838
93c5718c-0f3b-54ca-8c93-a66471a1189b,0.169179283789946
93d800cb-da41-5e80-8020-2e8a46ef7f90,0.648617117410012
943f8a12-ebde-51b0-8a88-fc37dd8a8cb4,0.244207654128973
946d5dc9-f51f-5c72-a161-9f8f15506f02,0.915642479765893
94c763e7-249c-5178-b21d-dbf71ce24003,0.219502351264028
94c7dfb3-1b6d-5019-8b2c-49c558019cc2,0.144473980925001
956bfe6a-c5b5-5158-b62e-94d5fc81b696,0.169179283789946
9573748a-8d38-506f-be3b-50bca6a012ea,0.169179283789946
95c29050-0017-5c73-b74f-917ca58349ea,0.161580934070685
973be7dc-a609-5aa1-abab-119117e6cb8a,5.47594703208689
9819ce6b-73a9-57a2-8f1d-8c9267d558fa,0.621259759531272
986d3e28-eabb-5a01-a1d3-99cc80be2e91,8.21958878770077
9929a6b2-660e-5f95-b1e0-421a7a32be12,0.36764883823492
998c068f-823c-50dc-be81-44159b203c74,0.204305651825506
99ac3e58-ca4c-5cd4-81e9-16dc133b94bc,2.28462810559654
99fc59be-3afc-5b4b-96bb-8bfefe03ef28,0.304039325029479
9a966614-d295-5f7e-8672-7b652ce084bb,1.74381993405594
9abc13a5-0c1a-5c6e-8ea8-223a6b882242,0.204305651825506
9aee40ed-aa4f-50b4-bfa6-e980bb2f498c,0.160625807217104
9b526739-7d23-5bc2-b078-3fec918bcc9e,0.145429107778582
9b76efc5-8df7-5992-b657-020a4fc08a0d,0.203350524971925
9c087fdc-9515-51dc-859c-13a3f43aed22,0.169179283789946
9c739692-8262-5a9b-955b-b62826254e7c,0.160625807217104
9caa9a53-a7a4-521b-9254-b603971b7b5a,0.205260778679088
9cd4a3ec-e4a8-5036-89c9-4c7ac5ee94a5,0.169179283789946
9d3ce35c-2e42-5429-9266-a7463a169d0e,0.211904001544767
9da23f67-1ebb-5193-a25c-6692f52e9c14,0.185288444972659
9dd9f668-a480-5238-a080-984016c7da22,0.160625807217104
9e110c1c-34db-5c74-aa2a-400cdca9e1fb,0.245162780982554
9e43729d-861c-5b07-9a18-4f0d0032da4b,0.169179283789946
9e697bf0-fc13-5454-b51f-c1cd04a94027,0.245162780982554
9eb88608-f6b5-51b4-a17c-7f9759145142,0.317325770760838
9f1abe1f-797e-526d-873a-5806ccc2256d,0.22805582783687
9f518e59-3c44-5b53-b9df-f3b8d712d651,2.88515399830374
9fd61f11-7693-5f81-a0b1-6a96eed6ed0d,2.08722927403594
a0013c71-c3df-5556-bea9-c69f472bc2c7,1.01724374156764
a054ce5b-8b9b-50e4-9e31-42c62fc3e689,0.36764883823492
a0741f21-70b3-54f4-9089-d10ed590f400,6.85867774751902
a0cd3f41-900f-5258-b6a9-4b2f713e06c4,3.70009629584331
a18dde06-a5bc-5c49-a8d4-ef2d06f12741,0.143518854071419
a1c3f0a8-4ff7-56ae-b84b-9680e7329f56,0.160625807217104
a220a9a5-5987-539c-8dc7-e49d71a0b644,0.168224156936365
a2ac315e-503b-5d75-a8e8-bc4c28a84c45,0.144473980925001
a2eaa5cf-c6e2-548b-ba9c-42d968c1c94d,0.160625807217104
a3213f17-f973-5564-8a93-e39bdd757c20,0.169179283789946
a3246470-8441-5f05-a712-185cd67f1053,2.84233127680351
a33c6ed3-e86e-5799-b4e3-3debd7f09a4c,0.31159500963935
a40e1df4-4dd1-5857-8d71-152504d078f0,0.176777633509207
a4123b4c-ff1c-5a62-ae0e-b7ed42ec534c,0.204305651825506
a4d0a860-10f8-5c85-93bc-812acd4494e9,0.166313903229202
a4d79f6f-6799-540e-add6-870a31f6f60f,0.28410965643244
a61a926e-b1b7-510d-b324-ccd753f5834c,0.144473980925001
a674a96b-f386-5592-a018-2c992640ac88,0.359010031443298
a6999328-114a-515b-941b-4f8fa1abfc71,0.202395398118344
a71388e6-1b58-5832-8bf4-a262f8066608,3.19620779703967
a71d1f17-c36b-53dd-99d0-bb1ec28a840b,0.168224156936365
a74d3f8d-f69e-55d0-b823-3b88967d2419,0.198617555813408
a780044e-5bc4-56a7-b569-a5ff45549a05,0.350584550198625
a7a2d89b-b31f-5cd1-861e-b5d4afb8961d,0.144473980925001
a7b24a56-ab50-50c8-b59b-9f55340da825,0.160625807217104
a8065e96-f5df-5db6-8c36-28440c924ffe,0.219502351264028
a8157afb-ef9e-5672-9b80-88aa993687fc,0.358140234808496
a82239fe-2ee9-53d9-8b2e-2e99be9376f5,7.18047950093775
a85f1a08-08a9-57e0-bad5-c94450e31d38,0.145429107778582
a8a15779-dfd9-51b8-bb55-606b78672a8f,0.160625807217104
a8a3ea08-af0e-5415-b5c9-a3dfc3110d6f,0.245162780982554
a8be48ca-ff5d-5449-9ad2-fac1c9e843de,0.204305651825506
a8f79609-4c39-5dff-8e13-575bf83f626b,0.198617555813408
a9a195c5-961f-5eeb-9634-bc70f1439f4f,0.144473980925001
a9d54536-b20a-578e-8656-df0665187ec5,0.152072330644262
a9ed85a2-ac31-5059-89d6-ed896d5888b5,0.243252527275392
aa491489-c86a-501d-910e-3dd4983c5e10,7.84401989065646
aae42055-45a0-5761-a210-dac757436242,0.169179283789946
aafe77bc-c21a-5db5-ad0c-80e27650dfc1,0.169179283789946
abcf1e62-1744-5c16-961d-97c7d5db3744,3.12376887218189
abe1ee62-23e8-59d6-b9bd-5538728c5d85,0.573674077289764
abf7d82a-d7ef-5982-a53c-e2f69e72f4cd,0.453925405269974
ac831a61-14bd-5f9e-8b30-0ff8a74d721b,0.145429107778582
ac9a66fd-33e7-5361-826e-69c5c9ae50b1,1.02388696443332
acdf557d-1f37-5423-ab7f-0d9f30eec6b0,0.169179283789946
ad41919f-18d2-5e83-bb77-6449fd4b3558,0.245162780982554
ae0b0ef5-e2de-5929-abf3-0738d87d37c9,0.245162780982554
ae1310d3-d8e1-5a3b-962b-f7e0a79434fa,0.574629204143346
ae6c4a19-ed03-54b6-8189-201ebdeab449,7.79313264543153
ae8dab92-6212-5881-863a-38114138b067,0.160625807217104
aeb9f482-1c16-5564-815c-c84efdc307a4,0.190064079240566
aec223e7-e301-5716-9943-eb83ff882358,0.169179283789946
aeefd723-ae75-55ca-ab40-ace97b798aa7,0.283111864469469
af19c896-8200-547e-8d41-5ab7b9c902ef,1.47323005494207
af568e8c-246e-546a-be2f-b76e4f06b9e1,2.59623337500764
af954dc4-71db-5b5e-8f10-b1e664a475d8,2.66404738161191
afdad67b-f1bf-5468-98ff-9047855a83ca,0.160625807217104
b045efcc-e64e-5916-b6fb-b42ba67df718,0.426568047391234
b07cee18-69c7-59b9-b4c3-b9afd07cca9a,0.541455754924338
b0da4962-b13f-5bab-a215-01d01096bbfc,0.923070169047594
b0f3c210-ff11-5293-a214-172c3658e5a1,0.169179283789946
b1093aa5-4c9c-5423-b6c8-f71dc89a6c52,0.169179283789946
b1f09d6b-7540-5edd-b05d-1ef116c89d47,0.169179283789946
b21e3f9c-e77b-5934-9020-2cbd84543325,0.273645926152435
b2dad4a4-cff4-5fd1-b9f6-f91f1e7517ea,0.153027457497843
b331c3e7-eb02-58e8-9588-ce3627097001,0.204305651825506
b374cd91-b42f-5cf8-ba18-11fa32d23992,0.169179283789946
b37b40fd-d446-5c76-871d-40ea145b407c,0.169179283789946
b3b4d574-9ee6-5d11-9b68-e8531bbc556f,0.203350524971925
b43a564f-09ec-5589-b94b-6380ab864730,4.53069118220207
b44a1c4e-61b4-50a6-afac-c8a1bc4ff267,0.20717103238625
b44e0dfb-bc40-532e-ba0b-85c5ba0e4870,0.160625807217104
b47a9e61-87d8-5801-9e80-2878fdde3765,0.143518854071419
b47c27d3-f141-595e-b5e7-9a2baeffc6a1,11.9667977590642
b4e3d5df-d688-5172-9432-b5aa730e56af,0.441679416610976
b5124592-b834-581a-84dd-3614ed85dd71,0.172957126094882
b54ebbde-1fa3-5def-989d-5ea2dfa3469a,2.90176153906617
b555da28-9c50-5bdf-8a6c-04a96211efc7,0.153982584351424
b559339b-ac17-513f-af41-17251d9a5eaa,0.202395398118344
b5acd195-072c-57fe-b1ce-7c48c2561569,0.716217798467338
b5be783d-e0ed-5a92-b1ef-9f0b075c9f81,0.177732760362788
b5ceacce-cc6e-5818-ac94-1eaabece648e,0.160625807217104
b6b9818d-b7a5-52a1-9997-3b0a560285bf,1.72586935493783
b729bdd1-463f-5794-894e-01b966a464db,0.145429107778582
b73df073-2112-5050-990e-1bde24b0286e,0.203350524971925
b7a4cdff-73ab-5baa-b0d1-3c8521852720,0.863366493475258
b7a61aa5-2782-54df-a517-d0bac6f823b1,0.204305651825506
b83e425d-f5c7-54c5-9c39-cbbb7082c0f6,0.152072330644262
b87aea94-012b-50fe-8d51-fb5f366f2142,2.34065304044773
b87ec795-f6a0-5cf7-80dd-8034f838edf6,0.169179283789946
b8b0a7e4-cc2d-5ba4-b3f6-4543b6dc3840,0.164403649522039
b8d1b5ca-981d-5b0c-9614-addd225f2c16,0.417971905709002
b91820bc-7853-55d0-a8e6-cb0a90af7bf4,0.701021099028816
b9801607-087c-510b-9533-6c694c7c35f1,0.245162780982554
b9fe16d4-f36d-5e1f-b16c-be5fa7d661db,0.245162780982554
ba1f6958-1d5e-5166-b354-8048891f9dd1,0.203350524971925
ba8d233c-e3b8-5847-a71d-8efa9fec268e,0.165358776375621
bafa1e13-b464-5a1c-bfd7-6ddbde07e1a9,0.431215686330971
bb1baba6-d8d3-56ec-8395-9e149d553e4d,0.211904001544767
bb5721fd-e35d-50d1-ada2-90ca26958828,0.203350524971925
bb7c7c60-fd2f-5e16-b6f9-4fc7205d20da,0.203350524971925
bba9f2e6-f0e8-5810-9161-740d2305245e,0.160625807217104
bc1db3be-43e3-5e98-bd74-cb1310560a71,0.304039325029479
bc4af63d-8032-5318-9311-ed51c0ce345d,0.202395398118344
bc5ba5c4-0f98-5523-9af4-4342f7d26daf,0.202395398118344
bcaa15c2-1b72-5399-90f4-a80c02b146d8,0.239474684970456
bce2ad22-45a1-5b36-863f-600223aad4f7,0.18628623693563
bce6a028-c241-515b-b033-9913f80868d4,0.161580934070685
bd2b1aca-c221-5364-b34f-da725bac1fa2,0.153982584351424
bd4f3c95-dbd2-5896-8f0d-f0b6ea91bf70,0.160625807217104
bdf9e380-ab07-5746-95fe-63433520e843,3.58386091604097
bdfb0c51-e2dd-5414-a02a-f3ba0c12c21d,7.65264129551769
be42b6ee-3c11-59e8-921b-5e4a8dc4a8c4,0.251806003848234
beb5105d-da3b-5fd8-8a09-15d7cd3c9108,0.417971905709002
bebf595a-0ff6-585f-bd30-6a19b4aedf2d,0.175822506655626
bf12f7ce-6225-510e-ad3f-37629d711809,0.160625807217104
bf3b5989-dbe0-5ba4-aac3-300aae2c8c2d,0.190064079240566
bf6318a8-f4e1-5b2c-b6b7-87ffbfde47ac,0.153027457497843
bfaa4b4c-a807-52fa-a6ef-a2fdf9134ebb,0.153027457497843
c01d77ac-9635-5ec9-be16-7e71ef8a5ac8,0.153027457497843
c0338375-4fea-53c4-959e-a3fea7498131,0.211904001544767
c08eb322-b35e-5137-8b25-c25bc2439ce2,0.169179283789946
c0ee9b7d-d47d-5656-8cfd-a0b02b10972d,0.202395398118344
c0f03ef2-f48e-581f-b812-3a242bb417a6,0.169179283789946
c0f2e6d4-dba7-592f-a19a-3277bc4938ab,0.152072330644262
c14067fc-7ed9-50f7-8320-e2f741802c23,5.54483621162175
c1d70ab3-a6e9-5a99-958d-0a9e7b01c01c,0.145429107778582
c1e51846-091d-53dc-8f69-9c44b0e0d477,4.89604736646377
c28b76e6-8d98-5228-b7e0-46f75d805f23,0.145429107778582
c297b91e-5ac8-5b5b-9f35-f1b27e6270c0,0.161538268961295
c2dad7c4-8e45-55b6-97e6-86de84b1e245,0.189108952386984
c3a4b3b0-692b-5ca9-8a05-acb4cf3309ab,0.241342273568229
c3e1892c-41bb-5eb5-b8e0-43b3aa3672ad,0.427523174244815
c50c05e8-3765-5a87-9a3a-15cd33d27e1b,5.79295586800595
c5dab9c7-6765-5991-9ed1-3bb0d90f886d,0.194797048399083
c5eccd65-1794-56fc-89ba-d5ae1d1b9b61,0.244207654128973
c5ee6505-3a57-58b1-b445-f7367bb7f0bc,0.169179283789946
c630d42b-e3ce-5aa0-af70-89a19e2016c3,0.153027457497843
c687f420-3744-5d56-86b6-1d755f3a9c29,0.145429107778582
c6a6fa57-5552-5352-9b48-72ebe458b788,0.411243352624543
c6ec865b-f56e-50da-8991-22c8d75a71c1,0.145429107778582
c7797c6d-86bc-5aa7-aacd-085b0cceafbd,0.245162780982554
c7df97d4-8c92-578f-8120-d153b3c30d20,0.359138026771467
c7e6a63f-81ee-58a7-a603-3e2aed13e770,0.144473980925001
c7f94665-71d7-55ed-a186-efb46c3ade90,0.18628623693563
c88765a8-179b-5f64-bda1-07ceecaccb95,1.59661207949162
c88a63b3-1cab-583c-a9a2-6992ac164c9b,0.152072330644262
c8ec76bc-a33f-55c2-957a-0d84cd8bcd5d,1.43046267207786
c9a22854-bc08-5942-b060-be53d424abf7,0.295485848456637
c9aa8e69-b9c2-5f36-908c-3b0d3d6b3a8a,0.245162780982554
c9c90c71-fe4e-50f3-b9ff-38f46bdcbce7,0.400907617672707
c9e1b4bc-8bbd-5c08-896b-db9fcf138e70,0.535639663584071
c9f4c304-5ba3-540e-8100-91e705aba7ce,0.210948874691186
ca103ba7-9ee6-541e-afd4-d1cd7ab756bf,0.152072330644262
ca3cf9f9-1e1e-58d8-a320-9c749dafc715,3.43364694762076
ca600280-cd39-5543-a827-f10b9c7338eb,1.72773694353561
caac152e-21f2-54d7-a1fd-35658c6d1218,0.161580934070685
cafa1983-b283-5e3b-826f-f52f46c0114c,0.442719873683337
cb1a967a-e71d-5305-858e-1454640bbf5e,1.53480131911218
cb712c65-73e2-512c-8501-9f4617551676,0.169179283789946
cb8ce56a-3168-5987-a836-85eba7d3a14a,0.152072330644262
cbe3356c-942e-506d-9777-feec200dbf14,0.169179283789946
cc2a1bbf-3fdc-5b84-82ea-bc930a0557bc,0.144473980925001
cc5bce19-95f5-55a4-9719-29db0e757d5c,0.204305651825506
cc5eb808-7423-535e-bee3-218aab01ee92,0.166313903229202
cc92be07-1f83-55ce-90c7-3cabd7fd7634,0.497733245206546
ccc7393f-241c-5d5b-b5ea-fcd2335d5b12,0.169179283789946
cd15b31d-1c66-5421-a9cb-cecb83f08f53,9.64081602650664
cd236ea8-c7a6-5b66-8190-996c09f8c57e,20.1262029055196
cd29c057-d3be-5403-8e20-255b4b27744c,0.145429107778582
ce0e8f81-7be4-540e-bbb9-90fc24ee271c,1.04542823097179
ce23feab-06bd-56a9-bdc0-9de3080350ed,0.169179283789946
ce4169d6-1774-578f-877f-7bc28ec435cc,0.222367731824772
ce87f21f-f5cf-5785-adad-394f4377cd9f,0.190064079240566
ce95476b-404b-5906-8b09-74d1983af8c0,0.22805582783687
ceaeaaca-ce76-5d34-80bd-327e35b9599f,2.52991519693047
cf7cd56b-6018-53ec-b873-242f5ce62107,1.37918447775019
cfe7273a-2a39-557f-971d-d06ebf2b5907,0.145429107778582
d011dd31-c979-5655-b78b-ad67622c579b,0.467382511438892
d0a88fe2-4265-5c3d-b3e1-f3aad6393b56,0.144473980925001
d0df36a3-5268-5d3b-92b4-80f341c1d50f,1.02734965652552
d1c0d596-0360-5b6b-9075-a0ba6102d59f,1.41101881413111
d21a91fc-f551-5944-bd13-785e46af2812,0.426568047391234
d23d1fae-9186-5a8c-9ed7-ea9cf061d67b,0.169179283789946
d309a375-87cf-5a21-96b5-863c25ce9131,0.169179283789946
d3ae7c84-5ecb-5593-b905-fd156cca8ad9,0.162493395814877
d40f9203-dadc-50af-b2d6-ed3690382962,1.31901148597457
d46675ba-79e3-56d3-ae4e-529d933b235e,0.164403649522039
d541992d-9cea-5a48-a712-cf4e853c3e7d,0.409461094245549
d55c307e-e5ce-5e3b-b21c-20c4e2d13c9f,0.152072330644262
d5829132-9b66-50b4-b961-36c662b272fa,0.160625807217104
d588fc5a-1f94-51da-96c8-ca4b26c7554a,0.168224156936365
d5cac9f9-720b-5502-b82e-bad4c7cc008a,0.169179283789946
d625b4fc-143a-5ec2-b428-96164ada11f8,5.10963286903215
d6601350-cdab-58a1-ad2d-ef1db03767a8,0.240387146714648
d68e3104-08f0-554e-b8b9-6d5015abaf5c,0.165358776375621
d73a33c9-5958-50e4-9b76-779bec37b1a1,0.153027457497843
d750f3e4-96d7-5fd8-97df-6557e3f64126,0.202395398118344
d7eb83c2-7182-5f09-987b-2c40975e5dee,8.67641763206502
d80a6999-1055-50b2-b882-e2737d660472,0.190064079240566
d86bc182-20e5-546b-9ffa-ed7d5f1be60c,0.167269030082783
d89f1287-7a48-59e1-b04e-43ca979fce2c,0.152072330644262
d8a0695b-8889-5912-b2ac-60527031c02e,0.160625807217104
d8f09631-5c5e-5b78-8f3c-03ccdbfd33e5,2.64519098967207
d921f0c1-9577-59fc-87fe-e48f68062f6e,0.160625807217104
d9381e84-38c4-5a6d-9d3a-3ba16ab987f2,0.319193359358611
d9926e9a-bf54-5a54-8565-113f7d01386b,2.27865512518372
d9f532a3-5d99-59c1-8bbb-2ed35c676094,0.160625807217104
d9f95c82-6cc4-5995-bdcd-6e73bddd8b29,0.153027457497843
db3e38ee-eea0-514d-a4ac-2d085aac84af,0.397087110258382
dbba208c-ca6b-50e7-b7fb-6e84616bf60d,0.176777633509207
dbd32276-ffd2-5ae1-8d7c-8659cad7920b,0.953676893471586
dbec4526-2edc-50f5-a402-ba370d5c83f8,0.143518854071419
dbf693b8-7b68-515c-bc4e-0639358d5c43,0.166313903229202
dc010d37-1b45-5388-9e41-bea5996cf097,20.1262029055196
dc4c2a9a-48c7-5a93-9c1c-1ed48305cf1c,1.35239826074053
dc6f681c-413d-5248-9258-c32c2d7eea74,0.169179283789946
dcc4a74b-2b4a-531a-a075-e6ec3e7635c9,0.152072330644262
dd1afdea-96bc-5f30-b5d0-280b5d8ab086,0.245162780982554
dd1c3642-d4c6-5c68-bebe-70653616f8c6,0.166313903229202
dd492228-9c9f-509d-bf22-317d8ca51cd9,0.243252527275392
dda383ef-f0e1-59d9-89b3-78d98372192f,0.29835122901738
de80058a-c1cd-57ff-b558-4373b54e8bae,15.0369501715796
deed338c-e0fc-5f5e-8278-b291b2953a4e,7.65264129551769
df133143-73fb-5e95-9b81-13356f480099,0.175822506655626
df770940-cbeb-5d24-b88a-f2d974aee6a4,0.22805582783687
df95d5a3-5503-5547-8f6d-2f9d706ec257,0.189108952386984
dfbae128-438b-5b0a-9bfa-c06ace1af743,0.169179283789946
e011ff97-708d-5d15-bfa1-a38e8ef369e0,1.00174838636339
e01a300f-5335-558f-954d-0f705bc2e189,0.188153825533403
e01edd4d-110c-5e95-ab9b-f0aeb2a8bafc,2.24729341125329
e0391e98-cf78-5a40-aac5-1b0ae830fade,0.152072330644262
e0568df4-a324-5ee9-bba4-2232d81a9154,0.145429107778582
e0d39adf-4a8d-5373-87e5-c205e5d6a96e,0.246117907836136
e1480137-67b1-5cc8-a503-93d629b8b077,0.160625807217104
e1d7a165-2751-5eb6-9a8b-0f7397e0239e,4.5164275107256
e1ec649b-c3e4-59ca-a9ed-8884e8ee8480,0.169179283789946
e231c4bd-2895-5460-bc1b-d108f014b540,0.170134410643527
e246081f-a943-5595-ad00-8c21f633d72c,0.0169562987483902
e3151581-c94e-5618-8fdf-3ebf35f6dd7c,1.56239817320025
e346c25f-2b9d-5620-96a2-2887647b7e8d,0.169179283789946
e3c92c63-6104-5348-9ff5-8e9eb2d375d9,0.618351713861138
e3dea839-facf-5d3d-b4fc-239661d6a59f,0.165358776375621
e4a0eebf-4ecd-5f34-8972-f2be928c5d62,0.621259759531272
e4e870c5-6bda-5e8c-9b3b-e36f6c2b0ac7,7.74741217956919
e55166a2-d9b7-5f4e-bc5d-e840ea8594ac,4.86066958667554
e56bc25a-976c-5e20-81d6-0846b619713d,0.169179283789946
e575062a-dcc4-5101-88be-0c246e15762f,0.166313903229202
e57fbac4-3c6d-5d66-ac91-e83443944427,0.167269030082783
e5d2a34d-9f63-57b1-a76a-cd26099e76e9,0.904735603944984
e64285f8-baf8-5962-aa24-c2bb3898b61c,0.160625807217104
e6c94fde-55ad-5b67-8656-06e9a91e4fa0,0.169179283789946
e73cd0a6-cf58-5d18-b7cd-c37acf32f98c,0.245162780982554
e782907f-bae0-5c92-b3f8-7cc5ade83d5b,1.17819086361959
e7b1cc68-60fd-5301-91e7-c371b40e041d,0.194839713508473
e7baad24-65d7-5676-a8e5-c64530399a62,0.320191151321582
e92d2dfb-67f4-521d-a75f-1f5eac345ff3,0.644924605323856
e9359a49-b258-5544-a172-40bcfde64165,0.410373555989741
e96e83f4-4d0a-5ec0-a82c-a378d1ea2a93,0.206215905532669
e972e7e4-f08d-5cd0-9a03-8fee84d3dd1d,1.97393666999726
ea1f5173-cb6b-5cca-b559-f329f04d7c9a,0.212859128398348
ea20ce03-2474-57dc-a04a-0ad20268b545,0.153027457497843
eb3208f4-3c3d-5009-a5a6-0212b102bf37,1.57950512634594
eb4407b8-9f5d-5707-b834-9288968e437d,0.153027457497843
eb5ee88e-7364-50c3-b234-e27fbfdeaa1a,0.20717103238625
ebc93929-25fd-5b1c-a302-7b82d4031a12,0.245162780982554
ebcc2017-0412-5703-a7a7-c334565d5a9e,0.152072330644262
ebd8514c-5838-5283-8cc9-2d7dabeee667,5.1076321493237
ebe6e5f4-1a25-53ba-9449-bd0ea55c1605,3.27731447561453
ec3f41b1-68e6-576b-ada8-3abeee6b5f0d,1.03916899409062
ec52e963-6018-5ee8-8bec-b3454dc17ed5,0.153027457497843
ed0992ef-5fe5-5743-b38f-15219010942b,0.5630396865722
ed619e25-3dcb-5440-8aed-a243bb428303,0.152072330644262
ed64c402-ac1d-5189-b39c-619a9da80700,0.172957126094882
ed7d123c-0593-553d-8ade-a707e7567f90,2.70607296316949
ed868943-e3ca-5932-b681-204fd2b72924,0.194797048399083
edac595d-afb9-5571-99c1-025e2848f2c4,0.165358776375621
ee0ca9a6-8842-5f9c-80b1-21758d3555d2,0.245162780982554
ee0cd366-1dac-5085-8b05-ced6d5e2272b,0.31927868957739
ee352cd5-6c68-54d7-8cc8-84410503e9b3,0.245162780982554
ee746a55-8297-54e4-8a47-d642c37d4aa3,0.45235647243793
ee81ed5d-f2a4-5b90-894f-54fc2e5b01b2,0.160625807217104
ef6cbd48-e920-580f-9372-563ca529bc1d,11.5792199422647
ef70d1c9-c995-5e26-b17c-dc56eca30536,0.245162780982554
ef9c6339-56c7-5338-857c-d41acdaf3b02,0.169179283789946
efce7bfd-a322-5165-98b4-8d7540590e9d,0.341988408516393
f0194cfb-bba0-5c8c-bfa9-655b30a74cd6,0.246117907836136
f0e5fcf4-2bb6-57f2-a32f-b46ffa5559ce,0.164403649522039
f126c3f3-ac56-5160-85a6-52ea36b10cc1,1.57561578315984
f17ff51b-5a4c-5ecc-ba6c-f2af01ac6686,1.41101881413111
f23c4f26-3d22-5c9a-96a6-f7e1c40e2db4,0.205260778679088
f25f7977-ed55-5e23-b540-49065ec006e9,0.198617555813408
f2832e5f-10ac-5d85-9dc2-8f8976e69339,0.169179283789946
f2d828a5-2e16-54a4-982e-0f63b504288b,0.153027457497843
f2f86e7b-5416-5f50-8bf5-cf5ec49f5c08,2.16945551366271
f376db9f-a94b-5268-a59d-1367e03ef2d8,1.3962061006771
f3a5575b-7615-5c2b-8000-42ca425fbf7e,0.169179283789946
f3d61950-03bb-57ee-ba62-ef6f2b68fa92,0.202395398118344
f492398e-aa09-5538-b3cc-83048e7f302a,0.185331110082049
f50e95c7-d07e-5662-b070-188778eb64e2,0.307817167334414
f54bf099-5b9a-575e-9247-e1a23b65d3fe,0.160625807217104
f563a371-d2cb-5dfa-8f32-256b9cf2f991,0.160625807217104
f5c04274-b159-51e1-983e-734e9066278a,0.266047576433174
f5c93ea1-3b05-51f9-8456-9f2b25d7a75e,0.160625807217104
f5f0ce1a-7ed3-5c87-b3b5-a428499b0042,1.55581410989097
f61ca503-9a02-50f9-a989-f774cbfd74df,0.169179283789946
f68f9866-51e1-5589-8392-dc9f082a2543,0.711484829308821
f6d32e1d-0605-5dbb-b5e6-d10ac390f99b,0.219502351264028
f7521062-0d8c-5072-91c8-b2b35dc2567d,0.161580934070685
f75ac41d-3029-5ebf-b17e-b59b936c8047,0.653478081896698
f7b4caf8-c9dc-532c-afce-4f51ecd6fa3e,0.737145259027347
f7df43d5-6b78-5e2f-a5ef-49c5152aba8f,1.13499682966149
f84008b8-8339-5366-855c-13ae88740cfd,0.164403649522039
f9010c44-c1f8-533c-8228-96c8bece7241,0.821724897902188
f935a227-7207-52e7-8a33-447430e9fd33,0.144473980925001
f9c3b76c-0cde-596f-9671-c6412bba304a,0.780654443198191
fa620ffe-c8d9-5d1c-b91d-399d0f675d99,0.183420856374886
fa9649b0-d2c1-5aed-8002-6733d308cacc,0.153027457497843
fafc2be0-db24-5cac-af8d-cba31b558971,0.182380399302525
fb1e876d-3c99-5d88-abc1-65576aa9d839,0.169179283789946
fb3644b2-7603-5afa-b48c-629f0ac30612,0.153027457497843
fbb81dda-9e41-5c2e-af98-eaecfb246528,0.203350524971925
fbb8ff0e-4ff4-58c8-ae56-41d47633bae0,0.241342273568229
fbc36916-eb02-5d75-86b8-b84cc6ae4bfe,0.190064079240566
fbed611f-bb97-5360-ace7-853b8c447e04,0.262269734128239
fc6f051a-8c0b-54c2-a41d-22c6217cc0be,0.152072330644262
fd118367-0a3b-5525-9a37-09169c2f7b7e,0.316327978797867
fd4d4721-58b3-5f0f-9fce-4f363b95e6ab,0.152072330644262
fd50e62d-1fa8-5bcc-98af-1245e7265e26,2.97453926302924
fda4af85-a030-5c98-8f90-a3dbcf72ebf9,0.194797048399083
fdd33b6b-9305-59f6-b0ce-32ef21e597d1,1.43905881376009
fe5b316b-27d2-5805-af13-65f6e4dc5949,0.198617555813408
fe67fd1b-e6aa-5925-991f-e6b695265a73,0.169179283789946
ff22c101-db84-57ef-8b3a-e6fcb06fe6b0,0.169179283789946
ff6eaf55-ebd4-5ca4-bf00-9ac6c17e34c9,0.160625807217104
ffa6e0ba-8a86-5600-a845-58171e517a5a,1.66121938466003
ffab727d-70a6-5b3e-a680-be9d8407a4ea,0.205260778679088
ffc44cc3-ab1c-5bba-ba77-fc4cecf84484,3.50672058153945
