Id,SalePrice
1,161826.0625
2,154689.40625
3,132715.515625
4,158206.90625
5,146350.015625
6,190165.75
7,166381.578125
8,171926.15625
9,168394
10,145168.203125
11,120753.375
12,190926.40625
13,290862.96875
14,151978.828125
15,151323.53125
16,187406.6875
17,303872.40625
18,130770.8359375
19,215968.28125
20,142276.890625
21,147174.21875
22,176407.953125
23,140673.203125
24,198285.28125
25,135720.4375
26,245353.453125
27,236062.34375
28,208352.421875
29,142895.09375
30,277695.375
31,155526.09375
32,160993.21875
33,140327.84375
34,150317.46875
35,187195.296875
36,123447.484375
37,216145.40625
38,135536.40625
39,159097.34375
40,189271.3125
41,226283.8125
42,133159.5
43,150291.8125
44,150716.859375
45,156944.25
46,144029.609375
47,110907.1796875
48,162518.140625
49,152959.328125
50,150466.46875
51,193146.78125
52,234062.234375
53,128338.671875
54,162652.671875
55,158586.65625
56,195930.5
57,144925.625
58,167450.03125
59,170410.765625
60,157346.375
61,194719.328125
62,180504.78125
63,103318.0703125
64,248359.796875
65,187492.765625
66,160442.046875
67,189504.15625
68,155920.296875
69,145580.65625
70,146752.21875
71,106043.7109375
72,190931.421875
73,184006.59375
74,113541.6953125
75,175259.15625
76,224397.390625
77,267842.25
78,115147.578125
79,122014.5546875
80,159064.03125
81,128104.1796875
82,179094.453125
83,269229.5625
84,152118.296875
85,202604.671875
86,225560.03125
87,128821.03125
88,207488.109375
89,133622.34375
90,145881.34375
91,163633.984375
92,208641.640625
93,150895.203125
94,156385.671875
95,196866.734375
96,173367.140625
97,186194.1875
98,179376.3125
99,200195.03125
100,181649.109375
101,174249.234375
102,199906.78125
103,235309.65625
104,182996.9375
105,146271.359375
106,169218.15625
107,195815.28125
108,126514.640625
109,127739.453125
110,141420.734375
111,97948.625
112,223392.84375
113,145018.53125
114,137580.875
115,168744.453125
116,141599.84375
117,153308.65625
118,100350.2421875
119,163739.921875
120,151981.71875
121,152444.921875
122,124983.8203125
123,161841.890625
124,223205.140625
125,177973.9375
126,233922.75
127,212652.015625
128,148047.0625
129,173194.375
130,184919.1875
131,159366.015625
132,154624.859375
133,174009.640625
134,158912.734375
135,260079.21875
136,136160.953125
137,158762.28125
138,150796.21875
139,162915.734375
140,240213.0625
141,135573.75
142,152554.640625
143,245065.171875
144,150348.875
145,252711.4375
146,259105.796875
147,141692.640625
148,147247.234375
149,133544.265625
150,152507.4375
151,188679.734375
152,284299.46875
153,131671.8125
154,175623.703125
155,134667.8125
156,155311.03125
157,194048.453125
158,166756.796875
159,121237.71875
160,207117.515625
161,118326.859375
162,178121.96875
163,289427.875
164,187851.53125
165,147982.078125
166,208395.03125
167,212407.234375
168,140448.984375
169,130640.9609375
170,139956.6875
171,153523.90625
172,304224.84375
173,196368.09375
174,182233.453125
175,169814.484375
176,314897.375
177,166839.015625
178,141132.21875
179,226448.890625
180,208907
181,120005.1015625
182,194013.734375
183,153125.390625
184,157790.65625
185,171575.453125
186,155351.09375
187,181520.96875
188,132359.578125
189,225064.171875
190,154259.125
191,160254.359375
192,147814.953125
193,146697.1875
194,240068.515625
195,167715.046875
196,161017.796875
197,248537.84375
198,148555.875
199,227403.75
200,160407.734375
201,194095.859375
202,163008.0625
203,240478.203125
204,141396.171875
205,163773.578125
206,154898.015625
207,188061.625
208,151139.734375
209,154854.9375
210,150351.5625
211,202008.8125
212,143008.5
213,161438.765625
214,161717.328125
215,147259.109375
216,220500.40625
217,169550.328125
218,256763.578125
219,212049.03125
220,182717
221,154075.171875
222,264445.15625
223,152340.765625
224,216899.34375
225,152281.75
226,115823.46875
227,145617.171875
228,171191.34375
229,141199.109375
230,116412.4921875
231,199295.59375
232,169667.8125
233,158909.546875
234,179858.828125
235,161435.296875
236,145631.09375
237,173557.578125
238,146550.390625
239,145590.796875
240,221604.78125
241,179855.828125
242,160149.765625
243,259493.890625
244,127932.4375
245,158824.359375
246,130715.6328125
247,164145.296875
248,203880.5
249,152383.09375
250,324448.09375
251,185883.203125
252,162529.234375
253,241469.4375
254,230644.234375
255,149568.359375
256,171438.796875
257,150521.5
258,195950.34375
259,171111.609375
260,165667.75
261,142544.390625
262,183669.78125
263,161584.265625
264,163524.296875
265,283398.5
266,162586.390625
267,155747.859375
268,150264.78125
269,102158.375
270,156151.15625
271,183069.9375
272,159128.453125
273,192490.859375
274,166890.125
275,155925.5
276,98392.3515625
277,152307.890625
278,158567.109375
279,181560.40625
280,216268.203125
281,158845.296875
282,200568.890625
283,135278.59375
284,189153.59375
285,257007.921875
286,174758.4375
287,173460.828125
288,178931.140625
289,275763.84375
290,196231.25
291,189812.21875
292,248292.5
293,179816.9375
294,221453.671875
295,175220.15625
296,179286.671875
297,165451.359375
298,206619.859375
299,145090.9375
300,147654.5625
301,182265.84375
302,256189.75
303,170323.71875
304,147243.484375
305,187648.609375
306,169628.40625
307,137653.328125
308,118902.984375
309,191837.28125
310,199102.21875
311,143498.78125
312,160884.171875
313,135584.578125
314,167983.0625
315,101016.2890625
316,303967.6875
317,162289.984375
318,175437.3125
319,119266.7890625
320,155332.578125
321,178783.484375
322,170741.125
323,201202.015625
324,147401.140625
325,170655.84375
326,184435.34375
327,194978.609375
328,115628.953125
329,202273.015625
330,233591.234375
331,187960.765625
332,161605
333,144835.96875
334,103976.4375
335,313575.21875
336,169254.359375
337,126719.9140625
338,177221.453125
339,144506.421875
340,200782.40625
341,248773.296875
342,224533.0625
343,128140.7421875
344,172316.28125
345,291288.375
346,204295.15625
347,203636.96875
348,111965.25
349,175801.265625
350,123432.5390625
351,212990.9375
352,157950.546875
353,109910.8125
354,109125.59375
355,170250.359375
356,265041.96875
357,185158.109375
358,123249.6875
359,154140.78125
360,286302.3125
361,174098.921875
362,290063.96875
363,190390.171875
364,141211.234375
365,171469.109375
366,162044.234375
367,176846
368,218696
369,155242.421875
370,230512.890625
371,113142.734375
372,119592.1640625
373,117268.96875
374,187853.609375
375,125488.734375
376,142809.03125
377,158236.0625
378,150027.296875
379,134332.734375
380,146136.671875
381,164112.125
382,132308.90625
383,142101.171875
384,180415.640625
385,167388.046875
386,129266.5546875
387,195409.53125
388,185401.046875
389,200937.78125
390,254073.21875
391,149666.96875
392,113781.6484375
393,201534.234375
394,163443.15625
395,99187.5234375
396,168333.546875
397,108054.25
398,157793.4375
399,152898.96875
400,117755.96875
401,153276.109375
402,181388.46875
403,185071.171875
404,177953.234375
405,155530.1875
406,159282.140625
407,144145.0625
408,130706.5546875
409,151078.984375
410,139486.65625
411,174062.796875
412,154576.171875
413,188180.90625
414,131086.390625
415,204746.0625
416,206281.265625
417,157492.546875
418,142751.6875
419,158503.125
420,170161.1875
421,181551.546875
422,114008.671875
423,218717.65625
424,201160.265625
425,96172.9453125
426,151998.734375
427,142386.296875
428,170825.203125
429,157093.203125
430,158996.796875
431,117662.1875
432,153460.375
433,131421.84375
434,222145.34375
435,155363.0625
436,124573.6171875
437,160955.21875
438,165207.109375
439,172763.53125
440,183925.328125
441,177070.3125
442,163735.890625
443,183804.921875
444,192366.9375
445,190452.484375
446,169070.078125
447,184140.25
448,138905.125
449,135891.96875
450,155573.796875
451,149947.328125
452,122259.3359375
453,187435.296875
454,152088.890625
455,178177.484375
456,154916.421875
457,125500.9140625
458,172533.078125
459,150128.453125
460,189672.609375
461,138807.59375
462,189554.328125
463,165733.40625
464,212889.765625
465,283568.875
466,192554.953125
467,198500.328125
468,254416.921875
469,143431.21875
470,178436.3125
471,160872.65625
472,170197.515625
473,154606.6875
474,151908.03125
475,161738.796875
476,187581.15625
477,153729.453125
478,144448.78125
479,143994.484375
480,140304.484375
481,174740.234375
482,268366.75
483,140913.46875
484,227095.328125
485,119692.8828125
486,145991.84375
487,133067.828125
488,130566.6015625
489,214760.34375
490,178923.890625
491,192251.484375
492,141040.65625
493,216055.796875
494,141003.265625
495,147429.28125
496,167854.671875
497,134783.609375
498,139906.109375
499,144643.484375
500,242629.046875
501,216972.03125
502,150335.90625
503,148752.296875
504,164406.4375
505,203719.15625
506,158344.75
507,136981.265625
508,181162.515625
509,234778.609375
510,124365.5234375
511,163730.609375
512,236720.859375
513,136974.109375
514,141932.265625
515,127048.0078125
516,158528.859375
517,148158.59375
518,197792.25
519,142464.34375
520,163453.734375
521,195129.375
522,154929.78125
523,144711.125
524,186396.234375
525,263867.8125
526,192967.140625
527,327063.75
528,151676.171875
529,142120.828125
530,117921.625
531,133214.5
532,143540.609375
533,254234.140625
534,133072.203125
535,228426.328125
536,115711.328125
537,239166.984375
538,191275.6875
539,134628.46875
540,172769.515625
541,134143.625
542,180918.546875
543,247123.359375
544,168895.765625
545,197870.1875
546,220127.65625
547,136608.859375
548,176329.515625
549,176788.078125
550,140290.375
551,151090.609375
552,151620.296875
553,203128.875
554,167749.109375
555,180435.375
556,201067.484375
557,271206.71875
558,140763.578125
559,186512.96875
560,157759.53125
561,183228.46875
562,121178.5859375
563,190480.65625
564,145030.859375
565,167273.921875
566,135205.46875
567,187174.625
568,186653.046875
569,191012.328125
570,137541.140625
571,147440.453125
572,214248.203125
573,176187.484375
574,161870.1875
575,171893.765625
576,162262.421875
577,151128.484375
578,207182.296875
579,112965.0625
580,101336.1171875
581,137884.140625
582,171159.375
583,182209.640625
584,133326.53125
585,119905.546875
586,123688.703125
587,193137.96875
588,155418.28125
589,196407.90625
590,156042.78125
591,229799.71875
592,144113.15625
593,187370.078125
594,204329.515625
595,176382.671875
596,182405.546875
597,140225.15625
598,186901.4375
599,179176.015625
600,163859.625
601,190743.09375
602,166857
603,158659.46875
604,211801.28125
605,310602.28125
606,189083.171875
607,159253.40625
608,158308.609375
609,250073.625
610,195704.421875
611,238611.703125
612,154685.28125
613,166933.59375
614,130562.4609375
615,161312.46875
616,142941.578125
617,177568.28125
618,121056.453125
619,208767.421875
620,134075.21875
621,230531.5625
622,188208.75
623,243292.6875
624,144376.53125
625,259200.140625
626,142418.828125
627,201051.359375
628,187911.15625
629,165322.5
630,302461.53125
631,213477.375
632,152451.734375
633,154403.546875
634,200518.171875
635,196531.21875
636,159498.46875
637,140519.6875
638,123594.2109375
639,168802.03125
640,130639.40625
641,155429.203125
642,127776.96875
643,157749.21875
644,172974.71875
645,158602.671875
646,162560.453125
647,151405.140625
648,141194.140625
649,129273.8515625
650,214398.609375
651,119757.234375
652,175736.859375
653,146162.65625
654,138699.46875
655,161498.9375
656,206410.546875
657,156521.046875
658,262639.78125
659,182894.671875
660,124406.8359375
661,136033.578125
662,164784.25
663,148874.5
664,150781.125
665,215538.890625
666,156290.921875
667,166415.140625
668,162715.5625
669,172960.4375
670,167722.546875
671,253976.40625
672,214592.171875
673,143932
674,157178.8125
675,147253.921875
676,241842.3125
677,179094.734375
678,202593.140625
679,126961.8984375
680,196549.03125
681,129571.8046875
682,214990.09375
683,296100.65625
684,136030.296875
685,179937.390625
686,207252.71875
687,133222.359375
688,200300.46875
689,210571.140625
690,132471.53125
691,309687.5625
692,143834.5
693,167911.84375
694,166122.15625
695,142915.46875
696,131190.640625
697,214096.625
698,206368.59375
699,131242.71875
700,81272.765625
701,178444.65625
702,125234.9453125
703,162184.296875
704,118035.4375
705,170401.5625
706,158681.5625
707,174421.296875
708,122185.1328125
709,167492.46875
710,144622.640625
711,235217.265625
712,208600.65625
713,140598.859375
714,137969.1875
715,170859.171875
716,128834.3515625
717,254846.9375
718,170184.125
719,245798.734375
720,157469.859375
721,165349.078125
722,89888.4765625
723,156633.59375
724,186580.84375
725,135348.6875
726,173685.140625
727,151619.1875
728,102946.7265625
729,127534.6875
730,157323.109375
731,184518.671875
732,213307.59375
733,188071.28125
734,142114.359375
735,150293.21875
736,141955.484375
737,159284.296875
738,217398.65625
739,170693.3125
740,140398.390625
741,132119.3125
742,155629.796875
743,173349.640625
744,348677.96875
745,158636.140625
746,139536.5625
747,165520.40625
748,189050.5625
749,179350.453125
750,184318.59375
751,434072.0625
752,175269.890625
753,165921.703125
754,122424.3515625
755,188894.953125
756,195430.90625
757,185212.890625
758,151748.703125
759,207917.03125
760,134755.078125
761,186902.25
762,152004.546875
763,133453.28125
764,147000.359375
765,139341.53125
766,152030.453125
767,150208.4375
768,271225.5625
769,187968.21875
770,119297.0625
771,132030.53125
772,161875.421875
773,198521.75
774,163008.328125
775,198287.03125
776,130891.78125
777,186156.9375
778,212992.90625
779,234469.53125
780,211968.078125
781,96845.0859375
782,192275.65625
783,144402.21875
784,167314.734375
785,188187.390625
786,251171.109375
787,161231.515625
788,176286.3125
789,179275.28125
790,147866.046875
791,132825.84375
792,124007.4375
793,183866.515625
794,184018.390625
795,248258.296875
796,174172.078125
797,183755.75
798,226227.453125
799,198206.71875
800,184773.4375
801,141502.046875
802,169909.59375
803,150773.453125
804,161999.234375
805,160100.65625
806,133490.453125
807,164068.1875
808,139677.90625
809,133115.234375
810,218020.90625
811,153109.9375
812,159683.828125
813,190227.53125
814,121296.7421875
815,159149.625
816,148932.59375
817,145283.21875
818,130681.4375
819,202688.640625
820,182252.546875
821,189116.96875
822,190329.65625
823,176554.375
824,166014.796875
825,152269.296875
826,240456.171875
827,263862.46875
828,191009.921875
829,240397.625
830,206641.65625
831,146264.25
832,113168.28125
833,124334.8984375
834,168357.53125
835,139157.453125
836,127728.7109375
837,226560.0625
838,169004
839,144645.0625
840,132749.265625
841,130710.78125
842,165895.59375
843,216065.078125
844,166840.8125
845,217236.90625
846,150159.8125
847,91461.78125
848,208077.5625
849,179486.859375
850,154745.5
851,122973.5078125
852,169735.890625
853,158048.234375
854,154507.484375
855,133394.734375
856,118397.921875
857,178730.5
858,192908.59375
859,126955.3203125
860,206533.359375
861,152762.4375
862,174647.359375
863,195942.65625
864,171197.703125
865,151194.9375
866,129488.125
867,342308.625
868,138341.46875
869,181430.875
870,216564.5
871,164000.6875
872,134768.96875
873,150046.515625
874,184330.703125
875,164499.96875
876,130523.53125
877,133226.3125
878,195407.90625
879,104107.6875
880,142102.015625
881,187200.671875
882,231397.9375
883,168655.734375
884,130744.6875
885,181497.40625
886,142686.625
887,160712.28125
888,186147.234375
889,138640.265625
890,157333.25
891,173286.21875
892,145655.6875
893,222074.796875
894,98817.1328125
895,207811.171875
896,136903.984375
897,156418.625
898,191158.828125
899,184008.890625
900,171441.5625
901,241833.953125
902,276200.25
903,133412.96875
904,174079.84375
905,163516.671875
906,154505.484375
907,163985.453125
908,153450.65625
909,140271.40625
910,181591.578125
911,132174.3125
912,134456.1875
913,219766.140625
914,207508.953125
915,161735.609375
916,214245.921875
917,134960.921875
918,142681.75
919,212742.484375
920,156977.671875
921,177859.40625
922,166776.390625
923,185524.765625
924,152354.265625
925,138342.796875
926,144290.4375
927,191508.34375
928,134422.125
929,121283.1796875
930,205270.625
931,153280.84375
932,134035.84375
933,184906.71875
934,136343.109375
935,133527.296875
936,164720.734375
937,182173.9375
938,92014.484375
939,137451.609375
940,201591.59375
941,233073.6875
942,137887.40625
943,140101.59375
944,110252.328125
945,155220.078125
946,173581.359375
947,174768.828125
948,169234.734375
949,190185.09375
950,130897.03125
951,150382.15625
952,175012.03125
953,160911.734375
954,253370.609375
955,198784.234375
956,112471.4765625
957,138351.1875
958,169659.125
959,209162.59375
960,214160.546875
961,120197.265625
962,168809.890625
963,164282.40625
964,172104.125
965,146287.28125
966,232571.21875
967,183847.375
968,159186.125
969,196248.984375
970,145522.921875
971,97797.4296875
972,290083.9375
973,95364.3359375
974,180007.859375
975,131558.28125
976,160686.140625
977,135656.21875
978,148763.5625
979,144206.359375
980,157824.4375
981,132280.8125
982,124943.890625
983,158476.421875
984,339683.21875
985,204788.046875
986,211822.03125
987,229482.921875
988,150997.375
989,139019.359375
990,176365.59375
991,215473.3125
992,272041.25
993,154887.25
994,258641.96875
995,186061.859375
996,181832.15625
997,122318.3203125
998,137937.28125
999,181931.25
1000,132399.25
1001,254240.4375
1002,139168.765625
1003,148781.171875
1004,162611.65625
1005,153040.3125
1006,189094.328125
1007,183098.34375
1008,172984.234375
1009,133517.796875
1010,171138.90625
1011,154884.625
1012,103814.8671875
1013,120425.3671875
1014,140646.203125
1015,175621.203125
1016,161111.3125
1017,179360.9375
1018,145657.875
1019,159227.9375
1020,145810.828125
1021,185175.984375
1022,132502.875
1023,165618.65625
1024,149389.359375
1025,143629.75
1026,186145.546875
1027,159342.71875
1028,144574.296875
1029,163456.40625
1030,143058.015625
1031,175699.453125
1032,137862.703125
1033,168922.796875
1034,136017.71875
1035,206356.53125
1036,188000.34375
1037,170730.890625
1038,167063.0625
1039,195303.234375
1040,152909.703125
1041,173370.546875
1042,204003.484375
1043,169301.53125
1044,103552.9453125
1045,264932.75
1046,236573.0625
1047,160974.546875
1048,106885.0390625
1049,147270.140625
1050,141090.125
1051,158192.015625
1052,175982.375
1053,184427.125
1054,181142.484375
1055,181077.484375
1056,160226.25
1057,174741.046875
1058,161240.234375
1059,156073.4375
1060,169946.28125
1061,174132.125
1062,228963.578125
1063,171068.765625
1064,125855.6484375
1065,139086.921875
1066,129399.9375
1067,172130.890625
1068,166836.5625
1069,234464.296875
1070,162679.40625
1071,170584.34375
1072,131404.328125
1073,273604.625
1074,168629.328125
1075,170966.453125
1076,140865.109375
1077,144267.84375
1078,147601.4375
1079,129808.1796875
1080,214773.390625
1081,163375.875
1082,171712.953125
1083,149039.734375
1084,145618.234375
1085,154006.78125
1086,316632.8125
1087,282272
1088,199657.484375
1089,157200.46875
1090,136708.984375
1091,172611.875
1092,163580.9375
1093,182104.59375
1094,143866.984375
1095,192812.15625
1096,132019.671875
1097,206257.84375
1098,159564.9375
1099,161833.890625
1100,135897.328125
1101,277408.28125
1102,123005.3203125
1103,209802.625
1104,152275.953125
1105,141922.515625
1106,194113.171875
1107,159241.734375
1108,128727.4375
1109,135627.671875
1110,285437.46875
1111,136501.046875
1112,129016.3828125
1113,159247.1875
1114,141352.390625
1115,208402.59375
1116,304789.5625
1117,191159.9375
1118,160327.703125
1119,156788.171875
1120,197280.953125
1121,143690.21875
1122,142001.0625
1123,203433.0625
1124,166814.71875
1125,110536.2734375
1126,267003.5625
1127,139390.34375
1128,176139.796875
1129,165954.109375
1130,260668.484375
1131,184722.3125
1132,206730.65625
1133,176237.65625
1134,176660.65625
1135,172807.6875
1136,149169.46875
1137,145786.84375
1138,223105.59375
1139,173166.03125
1140,174436.140625
1141,265816.03125
1142,150901.890625
1143,152027.84375
1144,141528.390625
1145,220438.015625
1146,224727.21875
1147,146225.578125
1148,235168.875
1149,145283.28125
1150,133751.265625
1151,142139.265625
1152,132601.8125
1153,156615.21875
1154,145706.453125
1155,160196.65625
1156,165982.65625
1157,153518.859375
1158,169629.15625
1159,212077.1875
1160,112272.828125
1161,152950.296875
1162,180369.1875
1163,179991.203125
1164,180347.40625
1165,222411.203125
1166,172755
1167,148998.875
1168,183139.265625
1169,160235.4375
1170,178645.484375
1171,132140.703125
1172,162440.140625
1173,251782.375
1174,173300.03125
1175,145042.5625
1176,222786.890625
1177,215484.859375
1178,163029.515625
1179,136390.203125
1180,224720.046875
1181,188317.6875
1182,128172.7265625
1183,156152.640625
1184,140675.28125
1185,156847.15625
1186,124029.9921875
1187,258396.296875
1188,109239.3828125
1189,156609.234375
1190,135324.34375
1191,235174.734375
1192,130542.203125
1193,140120.9375
1194,196606.046875
1195,196279.875
1196,127277.171875
1197,116337.5078125
1198,165385
1199,137622.59375
1200,153453.296875
1201,130862.5859375
1202,175759.359375
1203,119450.2578125
1204,145330.859375
1205,147433.734375
1206,136853.109375
1207,200458.265625
1208,223236.3125
1209,168902.828125
1210,98093.84375
1211,239348.5625
1212,150374.78125
1213,136297.140625
1214,263896.5
1215,203970.234375
1216,191907.125
1217,171185.03125
1218,181361.875
1219,179475.984375
1220,172241.46875
1221,184514
1222,154773.75
1223,153713.25
1224,173901.65625
1225,136024.4375
1226,185741.796875
1227,173422.625
1228,160564.8125
1229,184067.40625
1230,230401.9375
1231,150602.796875
1232,113639.6171875
1233,181780.625
1234,187162.0625
1235,158380.6875
1236,94410.4453125
1237,105891.3203125
1238,130492.359375
1239,305150.65625
1240,225857.5
1241,120552.84375
1242,121989.1171875
1243,172257.421875
1244,232472.515625
1245,150033.65625
1246,180903.640625
1247,168716.21875
1248,169212.828125
1249,105998.078125
1250,175267.8125
1251,257264.5625
1252,184264.890625
1253,154571.140625
1254,226279.375
1255,167839.34375
1256,132171.5625
1257,187820.359375
1258,114221.0234375
1259,219826.515625
1260,189883.484375
1261,153055.96875
1262,171801.96875
1263,151115.21875
1264,148289.9375
1265,207466.953125
1266,149516.328125
1267,135174.4375
1268,217011.3125
1269,140669.21875
1270,145491.890625
1271,157954.0625
1272,128283.796875
1273,154882.203125
1274,121037.828125
1275,246856.59375
1276,142595.53125
1277,197402.765625
1278,128637.90625
1279,177768.1875
1280,288920.625
1281,172641.859375
1282,159579.3125
1283,124547.640625
1284,158760.78125
1285,163981.984375
1286,171520.234375
1287,158326.3125
1288,173342.25
1289,146058.203125
1290,116176.0078125
1291,169847.359375
1292,129830.4609375
1293,107363.1796875
1294,144455.953125
1295,156170.984375
1296,210276.59375
1297,151334.65625
1298,227546.984375
1299,120617.75
1300,133376.0625
1301,149034.796875
1302,142284.859375
1303,142475.171875
1304,157014.875
1305,201342.84375
1306,78017.4765625
1307,247010.875
1308,204672.171875
1309,155398.421875
1310,164677.296875
1311,175696.59375
1312,215695.140625
1313,237554.3125
1314,143532.140625
1315,163744.96875
1316,122784.765625
1317,152723.421875
1318,221232.296875
1319,153825.453125
1320,167038.015625
1321,204350.765625
1322,179038.875
1323,223126.03125
1324,142713.125
1325,215291.390625
1326,239306.203125
1327,149024.40625
1328,159734.671875
1329,190866.3125
1330,139281.9375
1331,158650.53125
1332,317164.84375
1333,142639.453125
1334,235770.203125
1335,199592.34375
1336,124415.3984375
1337,227062.34375
1338,178709.203125
1339,148387.15625
1340,201082.84375
1341,183796.046875
1342,155040.6875
1343,220423.46875
1344,144472.578125
1345,160216.828125
1346,151207.609375
1347,146252.6875
1348,173187.953125
1349,183710.46875
1350,211254.140625
1351,203652.734375
1352,174533.015625
1353,157938.796875
1354,149820.546875
1355,182941.78125
1356,249940.578125
1357,201730.515625
1358,123904.125
1359,151050.921875
1360,227033.765625
1361,143022.34375
1362,165691.9375
1363,154204.375
1364,242412.03125
1365,163591.265625
1366,127956.8671875
1367,96571.59375
1368,157352.65625
1369,206058.109375
1370,138289.421875
1371,225511.75
1372,156737.078125
1373,173418.96875
1374,155833.359375
1375,183387.390625
1376,175883.59375
1377,154178.703125
1378,166506.6875
1379,177334.796875
1380,123652.7421875
1381,135221.421875
1382,167025.9375
1383,141560.5625
1384,158252.875
1385,133307
1386,179929.65625
1387,214439.9375
1388,265670.46875
1389,144042.046875
1390,210823.078125
1391,183745.59375
1392,171661.78125
1393,174144.046875
1394,217663.890625
1395,145309.1875
1396,129941.5703125
1397,166158.359375
1398,159408.46875
1399,102050.921875
1400,148259.578125
1401,170048.625
1402,205122.421875
1403,184573.234375
1404,172092.765625
1405,115603.0625
1406,116578.75
1407,252235.453125
1408,180743.703125
1409,123148.5390625
1410,152152.90625
1411,180934.53125
1412,115044.9609375
1413,237673.546875
1414,186096.734375
1415,238244.046875
1416,149638.5
1417,164725.46875
1418,148071.671875
1419,219612.1875
1420,155819.734375
1421,229667
1422,300422.40625
1423,167754.5625
1424,233662.5
1425,141284.265625
1426,148322.875
1427,135277.09375
1428,140283.359375
1429,146783.0625
1430,167156.84375
1431,122004.6328125
1432,159309.8125
1433,129191
1434,155110.828125
1435,193636.90625
1436,218628.0625
1437,159475.59375
1438,181014.03125
1439,149720
1440,166680.859375
1441,132863.359375
1442,298765.125
1443,197117.390625
1444,154007.578125
1445,120293.8828125
1446,260359.640625
1447,141660.109375
1448,196511.9375
1449,197517.984375
1450,119423.9453125
1451,165125.890625
1452,273690.21875
1453,284481.5625
1454,210705.21875
1455,138810.234375
1456,146955.75
1457,141263.9375
1458,156412.640625
1459,146850.375
1460,121067.9140625
1461,125890.265625
1462,168099.65625
1463,148558
1464,174679.625
1465,127044.1640625
1466,152963.328125
1467,142236.796875
1468,151538.328125
1469,164668.03125
1470,143856.375
1471,279321.15625
1472,155590.671875
1473,145339.515625
1474,174271.9375
1475,218568.078125
1476,111713.9453125
1477,170356.890625
1478,187948.953125
1479,156292.078125
1480,177438.390625
1481,228873.296875
1482,211833.765625
1483,222514.5625
1484,195425.71875
1485,119129.546875
1486,188830.828125
1487,149464.828125
1488,171361.21875
1489,167966.796875
1490,168893.65625
1491,132170.125
1492,155443.203125
1493,136460.53125
1494,156619.75
1495,113929.2890625
1496,157054.203125
1497,309705.21875
1498,161853.90625
1499,163834.34375
1500,150939.5625
1501,302447.1875
1502,141526.484375
1503,202134.5625
1504,172364.453125
1505,197415.3125
1506,148406.78125
1507,165659.140625
1508,163730.25
1509,155614.578125
1510,163500.203125
1511,205477.796875
1512,131740.078125
1513,212593.734375
1514,220111.203125
1515,265157.96875
1516,174910.75
1517,233651.203125
1518,164112.578125
1519,123707.65625
1520,149012.75
1521,239340.890625
1522,113273.703125
1523,193254.828125
1524,207893.765625
1525,251128.625
1526,153433.484375
1527,192117.578125
1528,174822.59375
1529,141276.734375
1530,283453.1875
1531,189962.625
1532,171688.828125
1533,178995.5
1534,175408.421875
1535,165107.953125
1536,151973.796875
1537,179741.8125
1538,177031.1875
1539,269199.53125
1540,141699.34375
1541,143362.78125
1542,132328.234375
1543,184832.6875
1544,147263.96875
1545,193757.8125
1546,179902.421875
1547,183243.21875
1548,129977.328125
1549,150528.015625
1550,140463.78125
1551,167093.890625
1552,181942.25
1553,223781.5
1554,196465.078125
1555,204208.03125
1556,172634.46875
1557,154824.703125
1558,272749.0625
1559,152773.109375
1560,186935.265625
1561,148481.25
1562,162731.828125
1563,166993.390625
1564,166179.375
1565,126478.953125
1566,143067.03125
1567,114309.90625
1568,241496.484375
1569,162749.8125
1570,210428.28125
1571,189488.65625
1572,159067.640625
1573,152415.953125
1574,138038.9375
1575,233469.828125
1576,168298
1577,158087.703125
1578,218720.734375
1579,135145.53125
1580,167981.78125
1581,187490
1582,166316.53125
1583,135459.046875
1584,148987.3125
1585,291024.6875
1586,133276.96875
1587,224119.296875
1588,150957.203125
1589,149678.703125
1590,186293.578125
1591,161604
1592,166199.859375
1593,198572.265625
1594,135148.03125
1595,143663.046875
1596,141190.03125
1597,176157.03125
1598,106390.3984375
1599,129270.4296875
1600,165341.09375
1601,175314.734375
1602,143397.078125
1603,196388.375
1604,133885.421875
1605,138477.109375
1606,286238.65625
1607,301556.5625
1608,145512.640625
1609,188661.21875
1610,131250.234375
1611,149486.75
1612,171692.46875
1613,236832.734375
1614,121832.1875
1615,176099.3125
1616,133944.6875
1617,192925.71875
1618,151945.515625
1619,186009.28125
1620,137775.953125
1621,180479.4375
1622,164861.265625
1623,153202.890625
1624,171149.625
1625,189305.875
1626,137250.1875
1627,184108.671875
1628,135385.59375
1629,182129.78125
1630,154353.171875
1631,120786.3125
1632,131196.265625
1633,178503.15625
1634,137992.359375
1635,135027.84375
1636,174110.125
1637,162698.90625
1638,146639.34375
1639,139767.390625
1640,167087.65625
1641,272304.34375
1642,126472.09375
1643,121230.4921875
1644,182662.625
1645,148843.453125
1646,166989.28125
1647,160251.765625
1648,118137.890625
1649,168320.125
1650,141825.03125
1651,165507.296875
1652,214333.15625
1653,146931.9375
1654,119106.25
1655,138577.59375
1656,218992.46875
1657,147212.328125
1658,140969.859375
1659,214744.1875
1660,166285.671875
1661,221696.765625
1662,195083.6875
1663,152038.828125
1664,124653.6171875
1665,165051.59375
1666,171486.609375
1667,136364.703125
1668,146131.71875
1669,193456.21875
1670,172964
1671,179483.25
1672,191070.53125
1673,210339.96875
1674,202602.953125
1675,124482.4140625
1676,157694.4375
1677,153868.609375
1678,178710.90625
1679,147859.828125
1680,104713.3203125
1681,122033.65625
1682,200129.234375
1683,173700.203125
1684,144419.703125
1685,194947.703125
1686,195898.921875
1687,143399.015625
1688,140739.34375
1689,181050.8125
1690,149141.40625
1691,175489.859375
1692,165751.21875
1693,175035.75
1694,228806.421875
1695,136016.125
1696,142006.21875
1697,138832.0625
1698,181635.078125
1699,180820.8125
1700,251801.1875
1701,194164.828125
1702,151555.296875
1703,107952.84375
1704,193294.59375
1705,198252.9375
1706,135243.046875
1707,136038.5
1708,157605.484375
1709,251942.96875
1710,132467.484375
1711,121328.6015625
1712,171558.328125
1713,239302.0625
1714,206447.75
1715,165265.609375
1716,171150.8125
1717,116443.9375
1718,169737.40625
1719,152156.140625
1720,146695.234375
1721,200719.796875
1722,208523.765625
1723,147679.375
1724,125645.046875
1725,111273.8828125
1726,246359.953125
1727,127464.1796875
1728,200136.015625
1729,203350.578125
1730,170677.921875
1731,165436.640625
1732,164054.109375
1733,270564.84375
1734,189767.671875
1735,186113.578125
1736,207451.671875
1737,251638.953125
1738,143578.59375
1739,143537.984375
1740,135380.421875
1741,220389.3125
1742,151685.4375
1743,103697.078125
1744,180290.0625
1745,153455.0625
1746,168628.9375
1747,139371.234375
1748,149610.25
1749,204170.84375
1750,127536.2265625
1751,177955.109375
1752,232184.09375
1753,168343.328125
1754,181383.046875
1755,233999.5625
1756,255671.90625
1757,163313.765625
1758,175378.328125
1759,139129.65625
1760,164616.796875
1761,167137
1762,122620.9140625
1763,141931.6875
1764,106661.75
1765,116827.46875
1766,197410.3125
1767,134095.328125
1768,173900.25
1769,162377.59375
1770,300427.03125
1771,181249.90625
1772,153783.5625
1773,160483.8125
1774,161312.75
1775,128718.40625
1776,141058.765625
1777,179438.390625
1778,151551.5
1779,148114.515625
1780,216049.625
1781,128609.2109375
1782,233113.3125
1783,184072.90625
1784,199067.953125
1785,173013.75
1786,147537.65625
1787,293902.59375
1788,129425.390625
1789,211191.125
1790,141269.71875
1791,142026.3125
1792,123073.7578125
1793,303751.53125
1794,227599.59375
1795,161232.09375
1796,198837.3125
1797,127456.890625
1798,125953.3515625
1799,187870.34375
1800,164640.734375
1801,157709.453125
1802,198344.875
1803,169863.875
1804,211981.6875
1805,160819.953125
1806,129691.859375
1807,283280.8125
1808,121780.8828125
1809,153714.96875
1810,179516.09375
1811,156026.640625
1812,209650.90625
1813,149198.921875
1814,181781.40625
1815,159283.5625
1816,170407.359375
1817,110602.34375
1818,159705.15625
1819,194227.46875
1820,158093.609375
1821,144352.171875
1822,142837.578125
1823,195125.21875
1824,190507.640625
1825,232620.109375
1826,130532.171875
1827,246617.296875
1828,175368.421875
1829,157217.640625
1830,190799.25
1831,229793.640625
1832,169545.46875
1833,163384.25
1834,187877.671875
1835,151256.390625
1836,153200.703125
1837,151703.375
1838,153065.40625
1839,194515.859375
1840,288684.28125
1841,210206.484375
1842,187061.09375
1843,149034.359375
1844,197030.9375
1845,216061.984375
1846,123020.484375
1847,170783.671875
1848,180891.65625
1849,135544.953125
1850,159543.875
1851,163192.5625
1852,186044.328125
1853,137714.296875
1854,133465.65625
1855,182092.546875
1856,116701.546875
1857,149908.203125
1858,153838.15625
1859,129372.671875
1860,139562.484375
1861,138258.671875
1862,155019.75
1863,151218.90625
1864,122980.328125
1865,222916.046875
1866,153709.671875
1867,162138.15625
1868,180968.0625
1869,154038.296875
1870,175123.53125
1871,160363.765625
1872,159717.546875
1873,140192.796875
1874,164273.109375
1875,148049.75
1876,150649.25
1877,129751.203125
1878,142605.5625
1879,145954.59375
1880,132212.796875
1881,150487.515625
1882,142251.484375
1883,166831.46875
1884,132960.625
1885,133631.125
1886,171206.46875
1887,151802.328125
1888,171681.453125
1889,174684.3125
1890,123988.0546875
1891,302760.8125
1892,132631.0625
1893,156228.5625
1894,136324.6875
1895,307374.875
1896,165042.28125
1897,138620.390625
1898,165456.828125
1899,198754.9375
1900,175180.171875
1901,151716.421875
1902,173816.796875
1903,176321.921875
1904,185435.1875
1905,161019.515625
1906,193624.4375
1907,138171.1875
1908,192966.1875
1909,150573.140625
1910,179226.921875
1911,175082.4375
1912,152549.15625
1913,150539.3125
1914,204053.578125
1915,164404.296875
1916,185195.28125
1917,228522.140625
1918,180931.34375
1919,151056.921875
1920,138335.90625
1921,184175
1922,185617.921875
1923,141509.78125
1924,113636.8828125
1925,243935.421875
1926,174515.75
1927,251774.640625
1928,184709.96875
1929,169714.53125
1930,179907.265625
1931,213347.234375
1932,215430.078125
1933,278453.59375
1934,137210.734375
1935,189458.21875
1936,155974.5625
1937,118548.0546875
1938,125107.671875
1939,133641.875
1940,128592.3984375
1941,201994.015625
1942,217019.5
1943,163547.625
1944,173817.5625
1945,138503.90625
1946,246143.203125
1947,161336.59375
1948,186829.96875
1949,130417.8671875
1950,151951.125
1951,188810.03125
1952,174115.4375
1953,227613.59375
1954,169349.796875
1955,160896.21875
1956,157240.25
1957,165228.59375
1958,156730.125
1959,135730.921875
1960,258168.515625
1961,149760.578125
1962,180406.078125
1963,194959.09375
1964,156757.609375
1965,241136.828125
1966,284014.0625
1967,124959.1640625
1968,136238.328125
1969,281017.40625
1970,166768.390625
1971,118510.734375
1972,178055.296875
1973,167572.578125
1974,163277.28125
1975,196564.5625
1976,156632.171875
1977,232136.015625
1978,165395.546875
1979,200001.71875
1980,130944.625
1981,126251.6796875
1982,147504.984375
1983,185091.265625
1984,151507.65625
1985,180618.15625
1986,237308.6875
1987,152681.65625
1988,303741.90625
1989,159453.359375
1990,140798.640625
1991,174629.25
1992,132250.84375
1993,161827.5625
1994,173835.265625
1995,124668.2265625
1996,171950.703125
1997,179641.65625
1998,172034.375
1999,155079.671875
2000,227033.734375
2001,125644.875
2002,114462.1171875
2003,305996
2004,139512.390625
2005,194274.09375
2006,141565.921875
2007,142573.90625
2008,168875.34375
2009,116056.0390625
2010,159876.40625
2011,184145.109375
2012,123976.78125
2013,183535.25
2014,156789.96875
2015,327346.625
2016,220341.734375
2017,139971.53125
2018,154562.65625
2019,147954.21875
2020,104850.5078125
2021,136959.390625
2022,155807.546875
2023,166141.234375
2024,226261.390625
2025,202051.78125
2026,152180.453125
2027,162482.015625
2028,152034.484375
2029,241725.046875
2030,140124.09375
2031,130178.6796875
2032,156811.21875
2033,152914.875
2034,166564.453125
2035,203121.953125
2036,220484.265625
2037,109763.1484375
2038,123122.3203125
2039,168995.96875
2040,133589.78125
2041,162487.328125
2042,190341.203125
2043,195877.453125
2044,178182.65625
2045,175949.828125
2046,154246.90625
2047,147977.984375
2048,196709.40625
2049,252892.8125
2050,189120.84375
2051,175828.828125
2052,183600.296875
2053,254712.265625
2054,137682.65625
2055,214545.8125
2056,248898.984375
2057,141254.515625
2058,178495.5
2059,187133.453125
2060,124135.4296875
2061,200292.390625
2062,146371.953125
2063,178718.34375
2064,179367.96875
2065,213304.484375
2066,118949.890625
2067,233123.96875
2068,160310.015625
2069,232453.515625
2070,142384.21875
2071,152931.21875
2072,152348.1875
2073,199554.21875
2074,116293.84375
2075,302602.4375
2076,150261.8125
2077,221561.765625
2078,176629.28125
2079,205139.734375
2080,230592.703125
2081,173163.5
2082,172298.296875
2083,191212.21875
2084,188544.703125
2085,152989.515625
2086,147909.578125
2087,213120.421875
2088,186280.796875
2089,141156.71875
2090,158251.953125
2091,138266.75
2092,134365.421875
2093,138555.015625
2094,135872.609375
2095,134246.84375
2096,163012.59375
2097,188028.09375
2098,224976.5625
2099,160238.4375
2100,194415.5
2101,183030.734375
2102,184466.09375
2103,163999.5625
2104,140637.8125
2105,181003.21875
2106,167036.0625
2107,212744.796875
2108,317935.59375
2109,153866.59375
2110,170461.15625
2111,139667.890625
2112,141229.1875
2113,192338.765625
2114,165748.140625
2115,198615.546875
2116,160710.5
2117,157582.640625
2118,171249.28125
2119,128608.0859375
2120,162935.140625
2121,176831.375
2122,187057.21875
2123,136198.078125
2124,166183.953125
2125,118153.0546875
2126,274968.8125
2127,151968.21875
2128,171175.03125
2129,191553.109375
2130,252711.53125
2131,139593.421875
2132,170584.21875
2133,171693.25
2134,163263.59375
2135,153411.203125
2136,200649.671875
2137,122339.140625
2138,243375.46875
2139,158415.484375
2140,162285.046875
2141,136732.15625
2142,151194.296875
2143,218557.234375
2144,199641.671875
2145,204551.3125
2146,146013.96875
2147,160514.1875
2148,197335.15625
2149,226123.171875
2150,161931.359375
2151,97349.6015625
2152,142876.515625
2153,147308.3125
2154,132144.25
2155,177185.546875
2156,155142.203125
2157,258841.71875
2158,159635.1875
2159,236629.4375
2160,269628.09375
2161,147074.25
2162,161223.515625
2163,150064.9375
2164,163440.546875
2165,190105.21875
2166,189409.859375
2167,157858
2168,129509.0703125
2169,126825.4765625
2170,148429.1875
2171,136419.9375
2172,137350.28125
2173,139666.0625
2174,179625.1875
2175,182980.109375
2176,194798.078125
2177,138908.328125
2178,150535.765625
2179,161668.171875
2180,145648.03125
2181,177430.375
2182,144853.46875
2183,209528.546875
2184,156090.765625
2185,165676.65625
2186,137840.140625
2187,121913.1953125
2188,245359.453125
2189,168756.640625
2190,346728.8125
2191,139248.328125
2192,153115.46875
2193,164888.4375
2194,123415.4296875
2195,164995.921875
2196,178148.875
2197,215602.75
2198,182532.171875
2199,172037.765625
2200,178715.734375
2201,218875.546875
2202,148953.34375
2203,178842.546875
2204,167573.5625
2205,143553.703125
2206,187054.890625
2207,125095.0625
2208,140987.6875
2209,159543.328125
2210,150001.421875
2211,172775.234375
2212,259401.984375
2213,235756.609375
2214,194875.21875
2215,140814.1875
2216,149261.09375
2217,148713.71875
2218,193337.625
2219,155994.140625
2220,163902.09375
2221,220444.484375
2222,230809.40625
2223,192232.40625
2224,185414.078125
2225,130960.703125
2226,170396.40625
2227,164881.859375
2228,136007.609375
2229,229299.921875
2230,146759.09375
2231,172690.109375
2232,114749.8671875
2233,145985.21875
2234,126429.4765625
2235,172900.28125
2236,163350.046875
2237,169672.109375
2238,149466.9375
2239,131330.90625
2240,142254.484375
2241,201799.078125
2242,198863.328125
2243,122152.1640625
2244,160504.5625
2245,191926.46875
2246,162919.484375
2247,232424.984375
2248,147894.71875
2249,155693.515625
2250,137478.90625
2251,128590.15625
2252,203957.265625
2253,207136.359375
2254,286272.5
2255,129516.8359375
2256,141289.734375
2257,155045.53125
2258,168260.578125
2259,247475.84375
2260,246248.75
2261,251004.796875
2262,209811.6875
2263,175102.296875
2264,161430.953125
2265,263517.75
2266,148054.296875
2267,219131.203125
2268,159288.125
2269,176674.203125
2270,301469.0625
2271,176179.15625
2272,219780.8125
2273,344259.65625
2274,230447.796875
2275,155659.296875
2276,154254.953125
2277,178420.890625
2278,149782.546875
2279,169982.15625
2280,131693.578125
2281,263226.40625
2282,145038.625
2283,184930.546875
2284,188377.109375
2285,187473.609375
2286,196792.25
2287,127015.5625
2288,160390.65625
2289,221453.625
2290,218006.875
2291,193519.8125
2292,169070.015625
2293,156473.015625
2294,171839.328125
2295,203383.15625
2296,196728.65625
2297,147627.984375
2298,207589.515625
2299,158397.109375
2300,129180.8984375
2301,141483.515625
2302,161992.140625
2303,229412.359375
2304,146589.828125
2305,133491.03125
2306,144689.3125
2307,195039.421875
2308,168340.71875
2309,125613.359375
2310,191921.53125
2311,130095.046875
2312,132661.59375
2313,168587.34375
2314,205772.78125
2315,131325.0625
2316,147864.3125
2317,161689.4375
2318,236955.78125
2319,193274.484375
2320,144573.734375
2321,184764.875
2322,161668.078125
2323,129508.375
2324,192028.8125
2325,128925.734375
2326,156809.0625
2327,99483.9453125
2328,142523.015625
2329,174208.40625
2330,151241.5
2331,171644.046875
2332,253869.140625
2333,175923.078125
2334,173753.421875
2335,205940.734375
2336,159491.484375
2337,177770.96875
2338,147250.46875
2339,139533.09375
2340,170074.9375
2341,156600.515625
2342,183871.65625
2343,241017.6875
2344,181629.046875
2345,156469.78125
2346,221408.9375
2347,118697.265625
2348,165075.328125
2349,115014.546875
2350,164154.59375
2351,173614.828125
2352,236385.609375
2353,155689.46875
2354,146305.203125
2355,233635.40625
2356,162405.65625
2357,155246.359375
2358,210733.4375
2359,133689.109375
2360,171037.75
2361,129767.3203125
2362,144534.46875
2363,151739.890625
2364,134420.421875
2365,172598.84375
2366,234594.3125
2367,255635.375
2368,144778.671875
2369,167578.671875
2370,252304.3125
2371,249483.515625
2372,154371.015625
2373,110659.1484375
2374,162970.25
2375,225966.234375
2376,187922.09375
2377,146060.359375
2378,174180.078125
2379,155616.015625
2380,150950.34375
2381,143682.296875
2382,169665.46875
2383,168435.75
2384,157174.609375
2385,125843.8125
2386,135971.0625
2387,222303.546875
2388,262336.4375
2389,160019.71875
2390,185850.859375
2391,182789.421875
2392,209380.84375
2393,160116.09375
2394,161868.71875
2395,187457.578125
2396,163578.90625
2397,182818.03125
2398,154006.921875
2399,118092.21875
2400,155923.734375
2401,152007.78125
2402,153748.765625
2403,163456.875
2404,136493.234375
2405,155618.375
2406,173978.125
2407,132942.6875
2408,145371.78125
2409,142129.625
2410,132917.703125
2411,171396.484375
2412,168094.9375
2413,232298.71875
2414,172593.40625
2415,148275.796875
2416,162438.8125
2417,126350.9296875
2418,173353.96875
2419,172622.4375
2420,195801.671875
2421,166475.9375
2422,157581.09375
2423,167827.9375
2424,141399.1875
2425,151766.703125
2426,239820.4375
2427,160307.921875
2428,124896.0390625
2429,171515.046875
2430,209581.46875
2431,154495.09375
2432,116042.703125
2433,236916.34375
2434,133610.53125
2435,158265.890625
2436,148957.671875
2437,201640.765625
2438,162928.609375
2439,284794.875
2440,178598.125
2441,163126.328125
2442,155687.640625
2443,204038.96875
2444,178762.75
2445,204379.359375
2446,156763.9375
2447,215075.109375
2448,182131.984375
2449,182595.71875
2450,131951.5625
2451,164537.53125
2452,161112.140625
2453,182083.8125
2454,169278.15625
2455,114015.03125
2456,150783.921875
2457,262033.84375
2458,161022.21875
2459,123748.9609375
2460,164964.625
2461,138903.6875
2462,121655.7890625
2463,163105.28125
2464,172345.234375
2465,141336.09375
2466,170191.828125
2467,228361.578125
2468,229522.265625
2469,190017.234375
2470,167520.171875
2471,176986.609375
2472,221273.828125
2473,200637.5
2474,130613.8515625
2475,121616.5234375
2476,148446.71875
2477,196825.390625
2478,170888.0625
2479,187300.1875
2480,259707.8125
2481,179556.40625
2482,159373.625
2483,191227.78125
2484,213739.125
2485,154458.25
2486,231916.1875
2487,147642.234375
2488,183890.46875
2489,151721.484375
2490,170727.28125
2491,188390.78125
2492,218380.03125
2493,165369.578125
2494,138576.828125
2495,147220.40625
2496,288614.03125
2497,106459.34375
2498,153823.3125
2499,163383.703125
2500,199575.71875
2501,141115.75
2502,188873.1875
2503,164842.234375
2504,214374.90625
2505,157517.265625
2506,181278.703125
2507,162510.125
2508,154479.78125
2509,132230.609375
2510,196102.734375
2511,148349.28125
2512,128074
2513,138081.40625
2514,136090.609375
2515,136642.84375
2516,150128.671875
2517,180317.859375
2518,175633.34375
2519,130955.171875
2520,161268.46875
2521,235170.28125
2522,148352.09375
2523,186128.765625
2524,148262.421875
2525,170319.515625
2526,162782.296875
2527,184627.96875
2528,128698.6171875
2529,191588.921875
2530,158247.4375
2531,169931.828125
2532,154144.046875
2533,179841.640625
2534,149716.421875
2535,108188.484375
2536,152934.78125
2537,172775.265625
2538,154807.859375
2539,131461.5
2540,137690.109375
2541,184606.96875
2542,181673.140625
2543,166451.0625
2544,150628.828125
2545,143900.40625
2546,137213.125
2547,171975.640625
2548,211070.546875
2549,178531.546875
2550,172213.5
2551,200744.359375
2552,160249.125
2553,234300.6875
2554,215580.703125
2555,131997.46875
2556,214688.203125
2557,230944.8125
2558,162348.40625
2559,124152.96875
2560,117708.484375
2561,182459.40625
2562,153459.359375
2563,186238.140625
2564,142991.28125
2565,142139.953125
2566,168322.453125
2567,111870.9296875
2568,191267.828125
2569,159980.0625
2570,135554.40625
2571,126596.3046875
2572,147128.046875
2573,164043.765625
2574,177826.390625
2575,132225.859375
2576,182419.96875
2577,153170.484375
2578,202343.953125
2579,142675.734375
2580,160298.640625
2581,122167.15625
2582,148501.390625
2583,249872.96875
2584,178699.484375
2585,112627.3828125
2586,214500.9375
2587,150982.84375
2588,169653.421875
2589,143632.09375
2590,160513.3125
2591,159250.46875
2592,169747.90625
2593,158849.5625
2594,124138.875
2595,154961.515625
2596,161733.046875
2597,168411.015625
2598,206254.390625
2599,143288.28125
2600,139296.9375
2601,136562.984375
2602,164585.890625
2603,157623.859375
2604,136470.640625
2605,150546.359375
2606,175394.84375
2607,159490.046875
2608,167190
2609,159119
2610,83403.03125
2611,178278.6875
2612,141291.609375
2613,193747.734375
2614,190971.90625
2615,121861.578125
2616,170464.703125
2617,184086.703125
2618,208517.65625
2619,333033.6875
2620,141943.96875
2621,150566.1875
2622,153593.265625
2623,238708.09375
2624,178760.546875
2625,211034.84375
2626,132052.5625
2627,217971.125
2628,209147.078125
2629,155977.71875
2630,169921.09375
2631,226328.140625
2632,152640.125
2633,135574.78125
2634,140554.28125
2635,215338.46875
2636,279260.75
2637,143859.859375
2638,174031.875
2639,125152.703125
2640,114626.40625
2641,172501.328125
2642,239850.78125
2643,192408.1875
2644,180898.765625
2645,108809.0390625
2646,177767.28125
2647,262943.78125
2648,223794.03125
2649,225043.03125
2650,230633.796875
2651,165997.984375
2652,268518.3125
2653,157282.703125
2654,197067.0625
2655,188495.59375
2656,173026.890625
2657,200532
2658,210499.1875
2659,228783.796875
2660,148014.75
2661,134319.5625
2662,187464.5625
2663,200152.65625
2664,206807.75
2665,137043.390625
2666,153970.328125
2667,225120.703125
2668,159279.515625
2669,223261.078125
2670,177196.5625
2671,160629.09375
2672,139920.859375
2673,153579.375
2674,193068.421875
2675,144130.984375
2676,155998.265625
2677,188111.3125
2678,143943.53125
2679,202577.234375
2680,238109.9375
2681,171441.8125
2682,201026.9375
2683,190440.4375
2684,122771.921875
2685,176855.578125
2686,129680.78125
2687,205192.3125
2688,169893.828125
2689,133658.703125
2690,172810.390625
2691,167953.546875
2692,158171.046875
2693,290202.5
2694,231172.71875
2695,180004.09375
2696,195001.96875
2697,116092.0859375
2698,111262.9375
2699,180982.8125
2700,207296.609375
2701,143476.359375
2702,209683.4375
2703,98397.046875
2704,204149.625
2705,146413.5625
2706,146229.703125
2707,202078.828125
2708,133270.421875
2709,168164.640625
2710,168329.546875
2711,247692.765625
2712,210188.0625
2713,131167.890625
2714,155817
2715,160176.546875
2716,161239.359375
2717,145995.625
2718,215973.203125
2719,230612.609375
2720,197336.421875
2721,115150.796875
2722,185241.9375
2723,165569.609375
2724,146871.71875
2725,140401.34375
2726,183663.3125
2727,141523.859375
2728,106653.9765625
2729,148824.390625
2730,149838.34375
2731,179157.390625
2732,169766.984375
2733,135020.640625
2734,139794.546875
2735,155932.890625
2736,282838
2737,174586.40625
2738,87586.515625
2739,170025.015625
2740,187869.546875
2741,170071.34375
2742,161316.265625
2743,150671.609375
2744,194514.328125
2745,164892.25
2746,123321.3515625
2747,215106.234375
2748,145741.546875
2749,114623.1484375
2750,225241.453125
2751,112809.4296875
2752,145297.265625
2753,250481.8125
2754,287537.5
2755,259317.25
2756,234346.546875
2757,157422.640625
2758,177841.96875
2759,160988.71875
2760,166045.46875
2761,151637.640625
2762,154093.09375
2763,175108.34375
2764,213926.203125
2765,119785.09375
2766,218913.859375
2767,153056.28125
2768,205547.9375
2769,155282.9375
2770,174988.59375
2771,207629.328125
2772,236505.84375
2773,200586.015625
2774,145685.875
2775,127104.484375
2776,206375.75
2777,200100.3125
2778,224701.28125
2779,191954.0625
2780,158495
2781,193995
2782,141132.71875
2783,143876.296875
2784,155531.25
2785,179381.703125
2786,141686.9375
2787,168651.5
2788,245520.703125
2789,203066.6875
2790,203494.25
2791,216536.390625
2792,178861.734375
2793,131958.078125
2794,111627.640625
2795,178261.625
2796,161078.40625
2797,136221.34375
2798,184210.65625
2799,160078.1875
2800,139058.78125
2801,135604.125
2802,127530.1875
2803,148646.234375
2804,136870.65625
2805,146559.84375
2806,303207.84375
2807,143251.84375
2808,133024.796875
2809,151158.921875
2810,192060.921875
2811,163981.953125
2812,197288.390625
2813,135811.765625
2814,195939.0625
2815,201346.34375
2816,143509.71875
2817,169538.515625
2818,310404.4375
2819,141350.453125
2820,157113.921875
2821,151685.34375
2822,209742.34375
2823,127952.6875
2824,285513.5
2825,140441.375
2826,211181.484375
2827,140278.34375
2828,162893.59375
2829,157681.484375
2830,192440.21875
2831,159696.796875
2832,132656.3125
2833,180575.0625
2834,178735.921875
2835,176150
2836,148553.65625
2837,241646.140625
2838,195038.734375
2839,155523.046875
2840,136326.5
2841,137406.421875
2842,154295.984375
2843,145251.484375
2844,145850.609375
2845,324764.65625
2846,160865.65625
2847,168151.75
2848,203482.21875
2849,234545.671875
2850,139985.796875
2851,224081.609375
2852,142816.65625
2853,150427.484375
2854,184016.265625
2855,154605.203125
2856,165149.3125
2857,204906.21875
2858,128800.84375
2859,178704.078125
2860,180937.796875
2861,190094.578125
2862,170031.4375
2863,179113.3125
2864,124152.1953125
2865,145318.671875
2866,130131.4140625
2867,201847.9375
2868,172373.40625
2869,153299.53125
2870,160582.5625
2871,154307.1875
2872,156738.8125
2873,198846.546875
2874,228334.625
2875,340822.65625
2876,140420.8125
2877,241264.40625
2878,90200.640625
2879,234399.15625
2880,138041.390625
2881,182132.390625
2882,156559.90625
2883,154872.21875
2884,154137.65625
2885,133946.6875
2886,221537.421875
2887,275373.09375
2888,142657.953125
2889,217705.09375
2890,162839.390625
2891,146930.0625
2892,218248.9375
2893,199424.96875
2894,164393.1875
2895,146567.515625
2896,157888.671875
2897,193610.140625
2898,179907.578125
2899,116224.6015625
2900,151592.28125
2901,146442.34375
2902,140420.1875
2903,300777.09375
2904,179807.203125
2905,189828.578125
2906,143268.65625
2907,127232.65625
2908,181273.703125
2909,159866.15625
2910,105237.2421875
2911,172266.96875
2912,190065.078125
2913,123036.640625
2914,189709.546875
2915,281380.53125
2916,185591.84375
2917,160634.875
2918,109004.40625
2919,291648.90625
2920,136196.875
2921,207269.984375
2922,192917.078125
2923,108970.5078125
2924,164182.84375
2925,155255.96875
2926,176629.609375
2927,155114.765625
2928,247177.96875
2929,114825.921875
2930,179496.5625
2931,135552.828125
2932,141430.578125
2933,160548.09375
2934,193746.328125
2935,248785.71875
2936,273893.25
2937,241239.75
2938,283095.75
2939,172787.734375
2940,122698.5625
2941,142020.375
2942,168757.9375
2943,222536.21875
2944,235315.34375
2945,196789.875
2946,148298.40625
2947,170267.703125
2948,148959.875
2949,158520.015625
2950,157952.328125
2951,161097.421875
2952,192424.640625
2953,198673.359375
2954,116260.375
2955,105181.3203125
2956,113980.9375
2957,142767.890625
2958,164715.25
2959,206198.0625
2960,165722.15625
2961,229272.71875
2962,125962.4453125
2963,171861.140625
2964,183870.9375
2965,172316.65625
2966,158357.203125
2967,250768.75
2968,318321.5
2969,181833.234375
2970,126347.8359375
2971,248201.046875
2972,171511.515625
2973,213431.671875
2974,175032.671875
2975,176325.515625
2976,112660.2421875
2977,142412.6875
2978,109577.9453125
2979,168553.484375
2980,144935.015625
2981,123744.265625
2982,188097.8125
2983,149646.5625
2984,176096.359375
2985,219326.40625
2986,154532.59375
2987,144837.140625
2988,197393.765625
2989,150523.921875
2990,133778.28125
2991,166834.03125
2992,137960.328125
2993,297254.0625
2994,136840.3125
2995,141908.015625
2996,125951.890625
2997,183159.4375
2998,172287.703125
2999,236844.078125
3000,169712.421875
3001,168641.765625
3002,156988.1875
3003,130511.65625
3004,222323.4375
3005,137707.703125
3006,171075.015625
3007,168927.8125
3008,173850.109375
3009,124059.4609375
3010,196192.9375
3011,153862.328125
3012,171969.765625
3013,177625.15625
3014,184742.234375
3015,245040.890625
3016,154796.484375
3017,142994.359375
3018,188246.328125
3019,158714.34375
3020,160690.1875
3021,240072.578125
3022,123480.734375
3023,239873.296875
3024,140656.0625
3025,213845.375
3026,194159.140625
3027,187225.71875
3028,129728.3515625
3029,231204.640625
3030,182595.65625
3031,170438.125
3032,142923.375
3033,182223.375
3034,157409.328125
3035,146268.59375
3036,159399.921875
3037,166492.578125
3038,184724.65625
3039,123183.1796875
3040,196887.40625
3041,215888.390625
3042,159652.671875
3043,154229.515625
3044,155423.328125
3045,160633.15625
3046,171300.453125
3047,217548.59375
3048,171127.953125
3049,143095.671875
3050,272996.5
3051,179943.546875
3052,175153.421875
3053,125280.4296875
3054,145033.546875
3055,176734.09375
3056,133998.921875
3057,173103.4375
3058,135892.890625
3059,248873.265625
3060,138148.015625
3061,140472.421875
3062,135152.203125
3063,215908.078125
3064,216212.953125
3065,175215.84375
3066,161201.4375
3067,293088.03125
3068,124732.3515625
3069,166383.78125
3070,117407.7421875
3071,187579.203125
3072,137157.453125
3073,248649.953125
3074,154079.65625
3075,170852.390625
3076,178472.96875
3077,128586.96875
3078,144039.03125
3079,137853.484375
3080,281347.75
3081,221462.34375
3082,182209.765625
3083,127869.6796875
3084,160751.796875
3085,152246.671875
3086,170662.59375
3087,163231.328125
3088,206347.0625
3089,157912.140625
3090,194609.640625
3091,189552.40625
3092,176032.234375
3093,140069.28125
3094,210202.453125
3095,158259.5
3096,136114.828125
3097,158466.59375
3098,202150.109375
3099,210706.53125
3100,156593.234375
3101,288019.5625
3102,187112.859375
3103,127075.671875
3104,135756.828125
3105,142314.25
3106,195947.5
3107,118699.6875
3108,128518.8984375
3109,183792.796875
3110,112964.9765625
3111,154031.90625
3112,117689.5859375
3113,137145.1875
3114,131321.296875
3115,180091.421875
3116,114974.375
3117,159605.859375
3118,222623.875
3119,147634.421875
3120,207068.15625
3121,197108.96875
3122,129983.6484375
3123,165278.21875
3124,185465.640625
3125,194716.890625
3126,171252.65625
3127,162952.90625
3128,148201.703125
3129,170808.078125
3130,128464.9140625
3131,126896.203125
3132,149231.90625
3133,179711.828125
3134,188974.0625
3135,181681.3125
3136,200954.203125
3137,256423.859375
3138,147527
3139,153183.640625
3140,175699.21875
3141,169558.828125
3142,210778.109375
3143,265362.96875
3144,129161.84375
3145,165193.421875
3146,180333.453125
3147,226055.625
3148,139477.671875
3149,119726.921875
3150,149243.234375
3151,202406.96875
3152,152286.3125
3153,170863.171875
3154,177134.109375
3155,145816.328125
3156,212262.234375
3157,266512.25
3158,206431
3159,150603.59375
3160,185064.9375
3161,166485.390625
3162,172123.484375
3163,146911.625
3164,157838.875
3165,196780.359375
3166,184350.953125
3167,186072.671875
3168,144367.6875
3169,171440.140625
3170,228632.203125
3171,292545.9375
3172,192163.421875
3173,123430.6953125
3174,173034.3125
3175,174989.21875
3176,185330.859375
3177,149842.859375
3178,306307.71875
3179,131746.125
3180,205739.953125
3181,191151.921875
3182,145237.421875
3183,158711.109375
3184,154022.84375
3185,130949.1875
3186,170386.859375
3187,143315.875
3188,178029.359375
3189,129812.2265625
3190,185300.046875
3191,198515.921875
3192,176880.671875
3193,176790.609375
3194,170129.6875
3195,163128.46875
3196,189501
3197,192763.6875
3198,145935.578125
3199,150103.640625
3200,148090.1875
3201,164120.75
3202,146708.40625
3203,131825.625
3204,315474.0625
3205,208277.640625
3206,148493.984375
3207,204407.9375
3208,167175.859375
3209,283774.0625
3210,152411.15625
3211,146939.359375
3212,174588.828125
3213,124672.703125
3214,167324.125
3215,174148.3125
3216,151555.234375
3217,169599.90625
3218,186706.578125
3219,149609.609375
3220,166053.515625
3221,115631.1796875
3222,144802.40625
3223,156164.421875
3224,168481.390625
3225,254817.84375
3226,141877.5
3227,220736.90625
3228,153380.734375
3229,137063.75
3230,118869.3515625
3231,226417.421875
3232,124146.5859375
3233,161810.375
3234,294173.90625
3235,177747.75
3236,131560.859375
3237,167191.40625
3238,164633.59375
3239,202887.078125
3240,134251.71875
3241,145749.265625
3242,160466.953125
3243,161900.125
3244,194549.15625
3245,293444.90625
3246,279776.46875
3247,122395.8046875
3248,134176.46875
3249,163794.15625
3250,119922.7265625
3251,136151.390625
3252,251970.859375
3253,197083.703125
3254,138917.375
3255,109060.2578125
3256,139918.109375
3257,189256.265625
3258,174638.140625
3259,132406.125
3260,222521.421875
3261,149923.328125
3262,217554.015625
3263,158821.59375
3264,279191.46875
3265,235029.5625
3266,143556.25
3267,149128.6875
3268,161688.28125
3269,233175.265625
3270,153785.984375
3271,131461.296875
3272,154653.203125
3273,139633.046875
3274,175552.203125
3275,161533.515625
3276,134064.953125
3277,147091.484375
3278,133156.515625
3279,143536.984375
3280,151915.921875
3281,105270.8828125
3282,149714.6875
3283,136011.015625
3284,202731.265625
3285,211500.40625
3286,143795.171875
3287,207535.421875
3288,113930.7578125
3289,183449.296875
3290,157333.84375
3291,214253.859375
3292,154591.09375
3293,255916.046875
3294,159419.140625
3295,153128.234375
3296,186839.140625
3297,178153.21875
3298,224054.890625
3299,132176.265625
3300,173380.78125
3301,174893.71875
3302,222312.953125
3303,145481.640625
3304,121535.1953125
3305,121016.8828125
3306,137885.484375
3307,192122.84375
3308,147222.875
3309,150479.53125
3310,156817.296875
3311,136944.296875
3312,143158.09375
3313,113592.6953125
3314,131549.71875
3315,159420.09375
3316,123157.8046875
3317,167933.1875
3318,258343.75
3319,222674.515625
3320,157358.9375
3321,166470.828125
3322,183218.71875
3323,162241.765625
3324,129178.8671875
3325,210067.984375
3326,122289.1640625
3327,235464.921875
3328,208023.578125
3329,161292.671875
3330,167247.328125
3331,201844.453125
3332,171540.046875
3333,140875.46875
3334,130802.96875
3335,194327.921875
3336,221597.8125
3337,119816
3338,210016.59375
3339,128915.4453125
3340,153795.109375
3341,256038.546875
3342,180708.109375
3343,189428.46875
3344,207755.359375
3345,173529.125
3346,179335.078125
3347,146051.796875
3348,210925.453125
3349,295877.5
3350,200843.59375
3351,133513.984375
3352,177125.296875
3353,179584.015625
3354,241860.609375
3355,161848.359375
3356,234428.734375
3357,170863.03125
3358,184711.65625
3359,225544.46875
3360,134683.296875
3361,136086.734375
3362,217564.78125
3363,140559.609375
3364,129700.25
3365,155555.34375
3366,213872.6875
3367,221520.984375
3368,162313.21875
3369,148976.390625
3370,233326.46875
3371,196696.78125
3372,158836.59375
3373,233225.4375
3374,157194.125
3375,158749.5625
3376,107911.203125
3377,147954.90625
3378,159311.796875
3379,134032.875
3380,183803.203125
3381,117630.984375
3382,155391.9375
3383,191289.703125
3384,224877.40625
3385,96912.0703125
3386,169325.859375
3387,178063.0625
3388,175925.703125
3389,181974.09375
3390,214738.09375
3391,189037.46875
3392,185916.96875
3393,209029.03125
3394,175436.21875
3395,199878.75
3396,185925.3125
3397,192938.265625
3398,144759.765625
3399,119133.1484375
3400,187134.03125
3401,236458.484375
3402,232471.203125
3403,167803.515625
3404,184107
3405,315515.90625
3406,146727.296875
3407,137500.65625
3408,207379.625
3409,190332.515625
3410,146048.109375
3411,165150.34375
3412,116260.546875
3413,112288.03125
3414,221478.234375
3415,151174.15625
3416,168471.328125
3417,179599.21875
3418,190912.90625
3419,158949.453125
3420,165249.15625
3421,224533.203125
3422,156480.984375
3423,222882.84375
3424,170935.703125
3425,155903.8125
3426,207029.234375
3427,187344.9375
3428,263292
3429,163062.421875
3430,168133.265625
3431,136573.140625
3432,162317.828125
3433,139073.25
3434,307936.53125
3435,179386.890625
3436,147932.640625
3437,141948.828125
3438,229613.15625
3439,123500.6171875
3440,131918.359375
3441,165840.484375
3442,151063
3443,142963.8125
3444,216451.625
3445,147370.328125
3446,156198.4375
3447,180434.375
3448,133003.828125
3449,187523.453125
3450,162262.21875
3451,217300.109375
3452,179619.375
3453,193103.484375
3454,254572.265625
3455,125725.09375
3456,149929.609375
3457,191197.21875
3458,235821.578125
3459,141632.96875
3460,166612.9375
3461,155646.984375
3462,165762.046875
3463,162407.6875
3464,167670.90625
3465,153406.140625
3466,182074.5625
3467,125007.3359375
3468,291049.625
3469,184655.65625
3470,178638.96875
3471,183997.6875
3472,172308.765625
3473,141973.28125
3474,176334.5625
3475,187955.265625
3476,240255.71875
3477,130065.5859375
3478,169750.75
3479,216956.421875
3480,157785
3481,158590.140625
3482,191443.71875
3483,206319.75
3484,201398.96875
3485,212283.171875
3486,200471.625
3487,167613.59375
3488,138315.484375
3489,202270.734375
3490,227283.671875
3491,272963.5
3492,219623.046875
3493,227127.25
3494,173696.390625
3495,166899.890625
3496,216097.921875
3497,228483.953125
3498,216951.484375
3499,180605.171875
3500,312274.59375
3501,169758.59375
3502,207549.09375
3503,150247.984375
3504,163394.859375
3505,159148.40625
3506,170234.828125
3507,150097.203125
3508,225026.796875
3509,160597.953125
3510,233756.9375
3511,174941.125
3512,170149.28125
3513,128740.3359375
3514,274572.59375
3515,143212.9375
3516,171281.109375
3517,203261.140625
3518,245822.859375
3519,158609.859375
3520,197845.328125
3521,149985.234375
3522,173562.46875
3523,203202.40625
3524,126187.4140625
3525,152151.4375
3526,119548.875
3527,196650.328125
3528,198863
3529,206014.359375
3530,209314.875
3531,187556.375
3532,134207.21875
3533,139030.265625
3534,138684.4375
3535,115050.453125
3536,278093.375
3537,176449.375
3538,200910.625
3539,118343.046875
3540,159855.625
3541,199888.296875
3542,167547.890625
3543,186033.9375
3544,201962.3125
3545,155518.296875
3546,173830.34375
3547,104351.921875
3548,198182.03125
3549,150295.59375
3550,148661.875
3551,143009.3125
3552,111312.8515625
3553,176885.859375
3554,158265.40625
3555,122148.671875
3556,152658.59375
3557,187505.1875
3558,126642.4921875
3559,191852.734375
3560,165862.59375
3561,159169.3125
3562,307062.3125
3563,141978.109375
3564,185000.25
3565,190666.84375
3566,200092.265625
3567,201750.890625
3568,162990.609375
3569,154934.640625
3570,163792.109375
3571,111689.796875
3572,262838.0625
3573,125239.6015625
3574,189119.859375
3575,147625.171875
3576,180492.421875
3577,151364.703125
3578,192322.5
3579,190863.671875
3580,239453.328125
3581,125977.578125
3582,234378.546875
3583,115857.140625
3584,99723.8671875
3585,182896.78125
3586,158040.875
3587,141862.453125
3588,160786.6875
3589,177096.234375
3590,126790.8046875
3591,149603.78125
3592,149143.828125
3593,274913.5625
3594,164076.390625
3595,141817.296875
3596,180389.375
3597,130016.125
3598,196278.3125
3599,209519.9375
3600,185714.90625
3601,201470.234375
3602,180492.28125
3603,270380.90625
3604,201174.453125
3605,125910.328125
3606,207477.859375
3607,146793.3125
3608,153623.90625
3609,232229.15625
3610,161356.28125
3611,193227.0625
3612,138391.640625
3613,182887
3614,201672.640625
3615,143515
3616,123374.203125
3617,236753.0625
3618,128186
3619,128292.828125
3620,127466.3671875
3621,176011.140625
3622,216473.171875
3623,108677.4453125
3624,137197.546875
3625,165620.828125
3626,250133.9375
3627,154330.5625
3628,187180.609375
3629,117113.3125
3630,158071.265625
3631,138434.375
3632,159399.609375
3633,190645.609375
3634,190777.328125
3635,218405.421875
3636,151327.71875
3637,141938.515625
3638,147770.75
3639,141778.546875
3640,144480.78125
3641,225293.5
3642,163734.109375
3643,224620.03125
3644,190101.921875
3645,207759.421875
3646,156307.125
3647,208143.078125
3648,157672.03125
3649,191957.125
3650,154513.484375
3651,145973.46875
3652,166498.1875
3653,143008.375
3654,165348.1875
3655,178142.3125
3656,124930.296875
3657,149580.4375
3658,190623.953125
3659,237955.40625
3660,169597.65625
3661,199852.875
3662,180074.9375
3663,264921.125
3664,230463.796875
3665,195028.03125
3666,272812.65625
3667,331599.0625
3668,158504.375
3669,164370.484375
3670,138306.203125
3671,135167.546875
3672,195469.5
3673,220351.96875
3674,180302.28125
3675,190119.9375
3676,128392.1875
3677,185710.15625
3678,162717.75
3679,162699.328125
3680,142021.671875
3681,146505.859375
3682,195633.375
3683,108592.5390625
3684,128998.96875
3685,145817.375
3686,173757.109375
3687,140241.84375
3688,186734.375
3689,171270.84375
3690,161899.28125
3691,149715.671875
3692,236705.484375
3693,171030.4375
3694,121357.53125
3695,156627.515625
3696,156427.46875
3697,212659.84375
3698,139337.9375
3699,150708.3125
3700,120658.515625
3701,252810.765625
3702,172841.640625
3703,256342.265625
3704,302842.875
3705,152189.40625
3706,193823.203125
3707,156984.875
3708,157141.09375
3709,201484.9375
3710,154566.03125
3711,173121.234375
3712,237717.09375
3713,122290.8671875
3714,177647.28125
3715,172657.34375
3716,231907.203125
3717,151515.515625
3718,109442.3671875
3719,178728.78125
3720,150024.046875
3721,179807.765625
3722,232690.6875
3723,201478.234375
3724,135174.515625
3725,309347.84375
3726,250890.375
3727,85513.328125
3728,169456.75
3729,140175.59375
3730,155972.65625
3731,228471.90625
3732,174074.859375
3733,150061.90625
3734,136876.15625
3735,145162.578125
3736,175268.609375
3737,158751.484375
3738,128886.65625
3739,146734.640625
3740,189732.265625
3741,194486.640625
3742,185292.234375
3743,120687.203125
3744,173357.640625
3745,125028.8828125
3746,157425.765625
3747,170923.28125
3748,153868.984375
3749,121304.2265625
3750,140791.734375
3751,197772.9375
3752,104114.125
3753,153670.78125
3754,166528.921875
3755,174717.359375
3756,277153.03125
3757,162564.875
3758,145413.265625
3759,179965.453125
3760,188291.875
3761,108210.5546875
3762,173687.828125
3763,169448.328125
3764,166717.765625
3765,197670.5
3766,174593.359375
3767,257573.296875
3768,164318.265625
3769,149650.421875
3770,201120.890625
3771,168277.4375
3772,193152.921875
3773,160601.09375
3774,215747.359375
3775,196640.671875
3776,143727.796875
3777,161373.46875
3778,161606.90625
3779,172715.84375
3780,174312.875
3781,176266.546875
3782,300092.625
3783,136629.09375
3784,142232.578125
3785,152951.96875
3786,191636.875
3787,173905.09375
3788,223254.453125
3789,166709.8125
3790,189566.0625
3791,219260.515625
3792,157287.359375
3793,275853.125
3794,205548.78125
3795,241466.15625
3796,165515.46875
3797,131892.453125
3798,225985.546875
3799,172285.78125
3800,120659.3828125
3801,182493.203125
3802,181412.546875
3803,139944.71875
3804,187928.484375
3805,178584.3125
3806,146558.484375
3807,149382.828125
3808,213575.8125
3809,169942.90625
3810,150892.3125
3811,151262
3812,168627.40625
3813,161897.296875
3814,222453.6875
3815,147713.3125
3816,147334.390625
3817,194140.859375
3818,138520.84375
3819,213453.59375
3820,166013.859375
3821,210448.1875
3822,166576.3125
3823,140382.65625
3824,249455.6875
3825,178090.921875
3826,136584.8125
3827,268942.9375
3828,219588.8125
3829,151170.890625
3830,159119.78125
3831,226576.8125
3832,246884.96875
3833,160237.921875
3834,189064.65625
3835,116430.6796875
3836,210011.890625
3837,167301.765625
3838,121867.5
3839,275178.375
3840,151397.5625
3841,177145.484375
3842,163130.5625
3843,165048.828125
3844,160002.4375
3845,187551.78125
3846,195621.65625
3847,242056.5625
3848,145144.796875
3849,150457.125
3850,227334.453125
3851,241151.21875
3852,305940.1875
3853,283706.9375
3854,141309.59375
3855,168499.171875
3856,162616.703125
3857,192464.78125
3858,198853.109375
3859,250229.734375
3860,170660.609375
3861,187499.140625
3862,155614.078125
3863,110860.5234375
3864,191572.59375
3865,293460.875
3866,167785.3125
3867,180198.828125
3868,122153.046875
3869,171524.265625
3870,175768.765625
3871,173287.53125
3872,137354.265625
3873,160235.234375
3874,167145.484375
3875,115618.59375
3876,129169.6875
3877,185114.171875
3878,204858.5625
3879,132743.8125
3880,151729.015625
3881,136633.375
3882,142955.921875
3883,163187.4375
3884,138214.875
3885,137182.46875
3886,205060.515625
3887,152970.921875
3888,189026.59375
3889,104878.875
3890,167684.359375
3891,145578.421875
3892,157999.484375
3893,155032.015625
3894,182393.453125
3895,184069.359375
3896,146909.8125
3897,137859.4375
3898,166416.796875
3899,132506.984375
3900,125131.53125
3901,209745.84375
3902,166240.578125
3903,115173.8359375
3904,154716.0625
3905,192772.71875
3906,188372.4375
3907,192578.71875
3908,174167.484375
3909,183882.640625
3910,169670.25
3911,206033.578125
3912,201189.28125
3913,174389.234375
3914,150312.53125
3915,196380.109375
3916,181392.15625
3917,247276.28125
3918,184278.234375
3919,152907.203125
3920,182193.40625
3921,137639.71875
3922,126655.125
3923,86565.2734375
3924,139238.375
3925,239364.890625
3926,147035.875
3927,168513.9375
3928,123089.4453125
3929,171399.515625
3930,125381.96875
3931,227736.8125
3932,271119.8125
3933,172648.25
3934,242338.25
3935,128601.40625
3936,174418.203125
3937,152747.921875
3938,143886.6875
3939,162148.5625
3940,187719.265625
3941,143822.828125
3942,118615.40625
3943,197042.890625
3944,176828.046875
3945,108273.46875
3946,173357.640625
3947,120969.0078125
3948,161515.84375
3949,173021.15625
3950,171639.828125
3951,153216.90625
3952,145108.515625
3953,153389.9375
3954,150483.390625
3955,181202.390625
3956,246165.53125
3957,163891.609375
3958,247212.65625
3959,155224.65625
3960,123195.25
3961,121000.171875
3962,166070.328125
3963,169707.359375
3964,175193.40625
3965,159232.15625
3966,111263.8359375
3967,158094.640625
3968,163228.265625
3969,173174.015625
3970,136112.359375
3971,136774.171875
3972,145117.65625
3973,184422.5625
3974,141516.4375
3975,126953.1640625
3976,208532.171875
3977,156691.1875
3978,235499.328125
3979,264576.1875
3980,185153.75
3981,145898.90625
3982,133950.390625
3983,151249.734375
3984,141644.859375
3985,151695.359375
3986,172378.53125
3987,171446.234375
3988,177151.484375
3989,197563.671875
3990,159755.109375
3991,99990.4765625
3992,149000.34375
3993,158892.734375
3994,174026
3995,188681.65625
3996,139926.125
3997,126022.109375
3998,145497.859375
3999,140213.8125
4000,167875.09375
4001,174058.34375
4002,134138.15625
4003,154140.203125
4004,131832.34375
4005,171474
4006,186476.15625
4007,119705.546875
4008,121911.765625
4009,221801.59375
4010,278013.84375
4011,158754.515625
4012,143564.828125
4013,186844.59375
4014,152710.1875
4015,177205.171875
4016,174535.4375
4017,160538.6875
4018,241451.015625
4019,165090.40625
4020,131425.9375
4021,178550.25
4022,285810.5625
4023,182206.484375
4024,159071.203125
4025,206037.015625
4026,147099.609375
4027,156922.40625
4028,141316.265625
4029,144178.53125
4030,192615.75
4031,207491.0625
4032,116711.578125
4033,121803.1796875
4034,135106.28125
4035,170209
4036,146857.4375
4037,159797.125
4038,143492.1875
4039,124501.0234375
4040,163743.359375
4041,143304.28125
4042,152159.71875
4043,168036.765625
4044,194223.375
4045,211856.65625
4046,194770.578125
4047,214304.59375
4048,216960.9375
4049,113979.4140625
4050,216437.15625
4051,308720.125
4052,151097.765625
4053,286528.90625
4054,163183.265625
4055,230305.015625
4056,150342.78125
4057,139051.84375
4058,174034.609375
4059,143759.140625
4060,109036.5390625
4061,186407.296875
4062,175046.125
4063,129015.8046875
4064,171676.375
4065,279243.84375
4066,156474.46875
4067,121500.8828125
4068,158160.28125
4069,144741.140625
4070,174867.953125
4071,224322.15625
4072,188573.171875
4073,130705.5625
4074,108895.6796875
4075,175274.46875
4076,196736.328125
4077,190069.359375
4078,152954.4375
4079,212249.640625
4080,178990.453125
4081,158419.78125
4082,163821
4083,235395.921875
4084,228739.046875
4085,133631.40625
4086,197043.9375
4087,208278.171875
4088,139504.984375
4089,223419.0625
4090,129900.0703125
4091,311313.96875
4092,175205.15625
4093,120290.1015625
4094,158453.28125
4095,168993.96875
4096,139763.296875
4097,168219.796875
4098,170908.46875
4099,184882.140625
4100,155601.359375
4101,128063.8515625
4102,156879.78125
4103,177674.359375
4104,275774.75
4105,192263.328125
4106,150608.40625
4107,157040.5
4108,165076.046875
4109,127735.609375
4110,172955.703125
4111,153389.53125
4112,134539.578125
4113,124105.5625
4114,152070.171875
4115,145499.9375
4116,188044.171875
4117,200772.015625
4118,180902.015625
4119,153088.40625
4120,141710.8125
4121,275629.4375
4122,137242.890625
4123,219147.9375
4124,201260.015625
4125,159150.484375
4126,245279.03125
4127,194564.1875
4128,173251
4129,230182.75
4130,154231.59375
4131,127789.59375
4132,170916.765625
4133,171937.015625
4134,234395.84375
4135,165323.46875
4136,264241.71875
4137,139959.34375
4138,195536.421875
4139,142661.734375
4140,194090.0625
4141,96041.0703125
4142,179769.84375
4143,118135.0078125
4144,129905.3046875
4145,223238.734375
4146,187403.59375
4147,159784.28125
4148,151839.71875
4149,161075.8125
4150,140081.03125
4151,142097.6875
4152,137763.671875
4153,233032.640625
4154,151986.171875
4155,322576.125
4156,166877.546875
4157,215262.1875
4158,172992.453125
4159,170205.0625
4160,147973.34375
4161,147856.8125
4162,150803.4375
4163,204559.203125
4164,169704.1875
4165,198418.765625
4166,233508.21875
4167,137709.78125
4168,156958.09375
4169,173045.734375
4170,164579.265625
4171,169927.25
4172,213744.015625
4173,144464.75
4174,224872.9375
4175,208444.453125
4176,190483.875
4177,150584.828125
4178,144893.671875
4179,180322.4375
4180,200841.90625
4181,134835.96875
4182,193104.890625
4183,230955.078125
4184,147062.65625
4185,184412.390625
4186,223821.078125
4187,149107.8125
4188,151347.421875
4189,181628.5625
4190,146107.9375
4191,109541.6796875
4192,170112.28125
4193,193880.953125
4194,140557.296875
4195,138474.09375
4196,160960.625
4197,197426.921875
4198,327066.28125
4199,147796.765625
4200,177183.875
4201,149874.765625
4202,167121.84375
4203,207529.4375
4204,164558.78125
4205,215035.75
4206,150671.109375
4207,175083.125
4208,155109.4375
4209,117990.015625
4210,269927.125
4211,224459.5
4212,146918.40625
4213,166177.359375
4214,225055.640625
4215,178738.265625
4216,176652.09375
4217,137938.5
4218,191629.703125
4219,138404.0625
4220,171958.75
4221,179299.40625
4222,144819.28125
4223,123866.6953125
4224,166362.3125
4225,131796.765625
4226,281806.5625
4227,220245.46875
4228,185987.171875
4229,198861.8125
4230,219644.015625
4231,119492.28125
4232,133995.046875
4233,194011.296875
4234,159474.171875
4235,147931.859375
4236,102351.5234375
4237,134411.890625
4238,161300.203125
4239,159206.953125
4240,207967.4375
4241,139434.25
4242,128893.8359375
4243,167454.453125
4244,132572.90625
4245,219672.265625
4246,261577.328125
4247,194909.375
4248,137996.171875
4249,158267.703125
4250,140267.0625
4251,147851.375
4252,126025.3671875
4253,198805.765625
4254,258822.71875
4255,167487.1875
4256,144698.515625
4257,139291.0625
4258,166778.90625
4259,149761.625
4260,223000.84375
4261,256191.125
4262,170086.3125
4263,111201.8984375
4264,181082.890625
4265,148755.46875
4266,126897.140625
4267,143551.796875
4268,166050.765625
4269,234712.296875
4270,165893.546875
4271,154886.859375
4272,158793.640625
4273,168383.40625
4274,125565.578125
4275,146671.53125
4276,230412.21875
4277,158102.71875
4278,213535.5
4279,177057.046875
4280,177238.40625
4281,195114.171875
4282,128509.71875
4283,206188.5
4284,145868.96875
4285,163543.484375
4286,121142.8203125
4287,181721.765625
4288,168562.546875
4289,135973.046875
4290,188560.9375
4291,130048.875
4292,186516.734375
4293,151048.53125
4294,158008.609375
4295,140287.265625
4296,157798.09375
4297,181515.53125
4298,145310.71875
4299,142416.640625
4300,118407.5
4301,148267.921875
4302,147329.5625
4303,163098.359375
4304,99828.6484375
4305,145992.65625
4306,141883.171875
4307,204608.171875
4308,282084.46875
4309,169982.015625
4310,184261.796875
4311,230895.46875
4312,190959.40625
4313,207927.328125
4314,139561.984375
4315,189625.9375
4316,197631.1875
4317,153948.71875
4318,170131.25
4319,191037.25
4320,173105.234375
4321,224329.15625
4322,177050.71875
4323,183299.171875
4324,179036.65625
4325,160686.09375
4326,140249.359375
4327,277450.09375
4328,163927.375
4329,170570.25
4330,307440.78125
4331,158689.671875
4332,152238.65625
4333,145524.046875
4334,173765.09375
4335,218765.4375
4336,139283.5625
4337,177865.8125
4338,210997.484375
4339,135055.09375
4340,144230.9375
4341,102136.2578125
4342,311312.625
4343,209298.8125
4344,172990.9375
4345,204219.8125
4346,136974.921875
4347,143049.234375
4348,139734.75
4349,166998
4350,144347.984375
4351,159082.0625
4352,190289.71875
4353,140745.171875
4354,174267.890625
4355,156486.828125
4356,187448.828125
4357,220128.5
4358,176032.046875
4359,196897.59375
4360,161537.96875
4361,120507.875
4362,130208.8984375
4363,136999.296875
4364,159549.265625
4365,120590.65625
4366,166173.34375
4367,173189.28125
4368,181377.15625
4369,186375.625
4370,197125.28125
4371,89614.0703125
4372,151328.8125
4373,181005.6875
4374,156739.578125
4375,123988.875
4376,235064.140625
4377,140752.546875
4378,153491.5
4379,193828.484375
4380,137529.78125
4381,218730.09375
4382,170756.171875
4383,174289.65625
4384,113535.140625
4385,196474.390625
4386,178700.265625
4387,163817.71875
4388,142555.015625
4389,168242.828125
4390,135477.328125
4391,233598.296875
4392,168837.25
4393,134910.6875
4394,206466.078125
4395,136996.296875
4396,160021.859375
4397,164643.921875
4398,213001.234375
4399,212877.140625
4400,135435.265625
4401,170053.59375
4402,220827.984375
4403,124723.0703125
4404,146769.046875
4405,177615.40625
4406,123036.484375
4407,182882.6875
4408,151027.21875
4409,132977.59375
4410,142978.34375
4411,133274.640625
4412,131600.859375
4413,146678.734375
4414,155182.0625
4415,120241.71875
4416,151228.1875
4417,200427.21875
4418,129410.4140625
4419,205052.265625
4420,176596.6875
4421,165792.90625
4422,179962.6875
4423,224107.0625
4424,228824.296875
4425,188224.671875
4426,142048.09375
4427,180841.9375
4428,146886.921875
4429,185580.828125
4430,224268.96875
4431,181737.765625
4432,191989.578125
4433,179514.578125
4434,151497.53125
4435,198028.734375
4436,147264.171875
4437,141397.78125
4438,220963.28125
4439,155903.890625
4440,140624.546875
4441,164671.390625
4442,112358.546875
4443,152569.46875
4444,141667.609375
4445,155395.34375
4446,169381.15625
4447,182037.71875
4448,224115.71875
4449,167571.59375
4450,147883.375
4451,196723.015625
4452,199707.046875
4453,247265.46875
4454,162378.3125
4455,151166.90625
4456,225488.46875
4457,184988.453125
4458,148797
4459,209486.625
4460,126430.0234375
4461,192317.609375
4462,259310.9375
4463,169562.875
4464,163368.484375
4465,170490.890625
4466,119928.828125
4467,118603.5234375
4468,140221.859375
4469,178436.078125
4470,186914.734375
4471,152635.03125
4472,190454.265625
4473,281609.09375
4474,187265.84375
4475,141441.359375
4476,178338.1875
4477,319509.96875
4478,225569.03125
4479,231935.34375
4480,120746.1484375
4481,170046.625
4482,187450.703125
4483,126537.53125
4484,146785.890625
4485,107813.046875
4486,191644.765625
4487,189644.234375
4488,148752.4375
4489,177996.625
4490,336453.5
4491,138728.5
4492,192829.0625
4493,211116.515625
4494,124695.5
4495,216369.859375
4496,145957.65625
4497,178204.96875
4498,235420.828125
4499,183222.109375
4500,182916.265625
4501,121787.6328125
4502,175077.34375
4503,209342.84375
4504,179914.359375
4505,153014.265625
4506,121412.421875
4507,116344.8515625
4508,144650.8125
4509,148186.734375
4510,188381.5625
4511,238151.984375
4512,89209.7734375
4513,172217.375
4514,246221.984375
4515,163113.625
4516,153967.734375
4517,141581.34375
4518,145698.734375
4519,141171.546875
4520,177857.09375
4521,121737.5
4522,147092.8125
4523,164344.3125
4524,255189.703125
4525,273915.8125
4526,156188.71875
4527,190231.21875
4528,180578.140625
4529,226846.09375
4530,164583.25
4531,172296.125
4532,158970.515625
4533,156825.953125
4534,143768.109375
4535,137745.15625
4536,157499.578125
4537,237052.234375
4538,151956.78125
4539,138035.125
4540,153091.296875
4541,180856.96875
4542,229477.015625
4543,138352.390625
4544,193965.015625
4545,160694.578125
4546,333167.625
4547,147630.359375
4548,176515.65625
4549,192522.765625
4550,210175
4551,141461.546875
4552,135268.703125
4553,178647.921875
4554,141528.453125
4555,190581.5625
4556,164513.171875
4557,152487.46875
4558,152215.609375
4559,126932.2890625
4560,147540.6875
4561,163589.171875
4562,155481.96875
4563,114546.2734375
4564,153066.15625
4565,172177.234375
4566,190625.171875
4567,170932.453125
4568,221256.53125
4569,115677.9609375
4570,238255.140625
4571,110689.1640625
4572,151198.578125
4573,308775.84375
4574,142353.8125
4575,167406.640625
4576,129582.3515625
4577,133676.953125
4578,152045.65625
4579,213307.75
4580,177435.03125
4581,145832.171875
4582,186889.140625
4583,146875.984375
4584,181836.1875
4585,186016.921875
4586,168064.25
4587,167402.390625
4588,142452.703125
4589,131761.484375
4590,161598.296875
4591,147073.9375
4592,170578.78125
4593,171119.65625
4594,242358.671875
4595,129029.03125
4596,120267.65625
4597,115903.375
4598,176737.4375
4599,137392.4375
4600,167257.1875
4601,149246.125
4602,169210.1875
4603,126271.65625
4604,329305.9375
4605,163246.609375
4606,138346.40625
4607,149290.0625
4608,256040.0625
4609,238307.578125
4610,213635.921875
4611,202884.1875
4612,163542.0625
4613,163159.796875
4614,171643.125
4615,159444.796875
4616,138459.828125
4617,199597.171875
4618,155255.15625
4619,107190.3203125
4620,166685.328125
4621,210479.296875
4622,195624.5
4623,161551.015625
4624,131336.953125
4625,186182.890625
4626,175064.578125
4627,131034.4140625
4628,131859.296875
4629,156997.953125
4630,146871.515625
4631,336523.59375
4632,107854.4296875
4633,195054.84375
4634,142853.0625
4635,157146.125
4636,138851.375
4637,163106.40625
4638,156242.609375
4639,185163.921875
4640,136524.265625
4641,152661.828125
4642,184673.796875
4643,151583.828125
4644,140804.671875
4645,294819.28125
4646,161566.75
4647,169933.203125
4648,180114.03125
4649,152817.34375
4650,231796.9375
4651,185155.921875
4652,167963.5625
4653,176815.765625
4654,185908.890625
4655,173866.046875
4656,160037.3125
4657,141059.34375
4658,206280.5625
4659,222354.4375
4660,186599
4661,179827.453125
4662,153269.4375
4663,172428.328125
4664,179713.296875
4665,155850.328125
4666,156023.96875
4667,130186.46875
4668,224021.5
4669,117042.7265625
4670,154488.796875
4671,209302.015625
4672,235323.078125
4673,146527.21875
4674,137652.421875
4675,140068.3125
4676,158589.375
4677,127655.1796875
4678,189782.109375
4679,141421.3125
4680,278615
4681,142946.515625
4682,136227.28125
4683,206212.40625
4684,126350.65625
4685,137626.453125
4686,222808.734375
4687,225022.375
4688,236409.375
4689,150506.09375
4690,233890.953125
4691,167331.296875
4692,292523.34375
4693,210892.671875
4694,196139.78125
4695,177229.921875
4696,144980.484375
4697,149041.046875
4698,184070.71875
4699,133032.125
4700,126030.7890625
4701,125099.859375
4702,197734.796875
4703,151972.921875
4704,146904.359375
4705,181613.234375
4706,165817.859375
4707,182321.15625
4708,182795.578125
4709,173289.984375
4710,230041.578125
4711,131157.5625
4712,158358.875
4713,161400.625
4714,164205.203125
4715,137674.46875
4716,177522.09375
4717,132902.75
4718,213172.328125
4719,206257.9375
4720,216508.09375
4721,304921.875
4722,103936.375
4723,107751.9140625
4724,145115.796875
4725,137752.046875
4726,138636.9375
4727,166987.9375
4728,163117.3125
4729,125778.765625
4730,200403.609375
4731,177427.375
4732,129150.5390625
4733,144431.625
4734,121884.9375
4735,187781.203125
4736,176832.5625
4737,157950.65625
4738,157271.171875
4739,155961.203125
4740,123661.53125
4741,173090.734375
4742,121573.859375
4743,196037.421875
4744,222658.734375
4745,158509.4375
4746,124346.7421875
4747,203622.40625
4748,190294.828125
4749,162249.46875
4750,147063.265625
4751,156680.78125
4752,160809.75
4753,189689.890625
4754,116168.8046875
4755,156037.421875
4756,158029.328125
4757,169997.828125
4758,225128.171875
4759,171000.40625
4760,167998.65625
4761,160632.53125
4762,176625.109375
4763,188691.65625
4764,157927.171875
4765,144667.140625
4766,118557.34375
4767,240664.96875
4768,152968.390625
4769,140772.203125
4770,185282.21875
4771,168040.359375
4772,254943.109375
4773,245258.21875
4774,119507.484375
4775,321560.25
4776,137992.5625
4777,179887.25
4778,191336.53125
4779,149347.953125
4780,133041.171875
4781,184331.625
4782,154531.796875
4783,152612.578125
4784,230088.6875
4785,152770.359375
4786,185703.171875
4787,125783.03125
4788,177994.171875
4789,135987.859375
4790,159158.046875
4791,151479.53125
4792,192517.734375
4793,211561
4794,160692.703125
4795,149692.53125
4796,177119.796875
4797,146918.390625
4798,166389.140625
4799,161587.25
4800,120383.953125
4801,161861.53125
4802,131616.265625
4803,170061.25
4804,165640.796875
4805,308055.71875
4806,151576.21875
4807,128494.84375
4808,197690.375
4809,177707.71875
4810,129473.375
4811,225004.6875
4812,150869.40625
4813,155575.171875
4814,159530.140625
4815,194296.75
4816,226619.9375
4817,128750.15625
4818,222193
4819,222926.046875
4820,138612.484375
4821,145023.765625
4822,187398.328125
4823,162686.5
4824,150495.421875
4825,218512.375
4826,179683.34375
4827,171565.65625
4828,247470.0625
4829,267849.09375
4830,208801.9375
4831,179830.203125
4832,143056.578125
4833,140126.203125
4834,155375.46875
4835,154383.0625
4836,120135.3046875
4837,142681.3125
4838,154781.015625
4839,109459.28125
4840,144769.609375
4841,134103.578125
4842,187278.921875
4843,243549.390625
4844,188936.859375
4845,125073.0546875
4846,192956.640625
4847,118652.109375
4848,173362.953125
4849,155067.78125
4850,192423.390625
4851,208068.75
4852,213175.65625
4853,147335.65625
4854,149272.359375
4855,177137.6875
4856,160292.734375
4857,256283.78125
4858,220989.28125
4859,157735.984375
4860,191177.28125
4861,150422.65625
4862,177858.265625
4863,170477.0625
4864,166681.296875
4865,200062.828125
4866,190133.625
4867,185235.859375
4868,164237.1875
4869,205901.625
4870,159810.421875
4871,152893.328125
4872,173749.0625
4873,228951.546875
4874,96913.8359375
4875,238189.875
4876,223819.53125
4877,320574.875
4878,139600.546875
4879,161009.03125
4880,191528.921875
4881,216163.703125
4882,126110.4375
4883,158195.890625
4884,170710.234375
4885,190486.9375
4886,191577.71875
4887,141688.171875
4888,211695.296875
4889,175497.015625
4890,148056.4375
4891,198885.046875
4892,175362.65625
4893,129903.109375
4894,142054.6875
4895,172461.390625
4896,172382.5
4897,161789.0625
4898,122568.96875
4899,203186.78125
4900,145649.265625
4901,251957.65625
4902,170794.0625
4903,227091.109375
4904,163162.984375
4905,137103.125
4906,123675.46875
4907,182911.609375
4908,154861
4909,169010.46875
4910,137357.71875
4911,179202.78125
4912,128441.5390625
4913,250911.203125
4914,180231.03125
4915,156636.875
4916,209316.75
4917,115541.046875
4918,108104.359375
4919,184510.046875
4920,128644.7265625
4921,168777.375
4922,307179.3125
4923,228236.171875
4924,229911.171875
4925,193749.390625
4926,130135.0234375
4927,125826.4765625
4928,352291.96875
4929,145699.796875
4930,153585.734375
4931,136298.671875
4932,130858.8984375
4933,218411.453125
4934,162309.96875
4935,155011.296875
4936,179738.359375
4937,175246.84375
4938,172958.375
4939,168245.078125
4940,132647.65625
4941,185546.4375
4942,146921.40625
4943,246992.828125
4944,172175.9375
4945,162804.6875
4946,164334.21875
4947,162864.75
4948,140843.9375
4949,151510.84375
4950,143018.328125
4951,216137.1875
4952,192801.78125
4953,183386.65625
4954,199003.5625
4955,106398.84375
4956,150928.890625
4957,191907.375
4958,142299
4959,171764.453125
4960,186783.6875
4961,95955.2109375
4962,208843.703125
4963,157393.25
4964,288989.9375
4965,269227.46875
4966,120757.5390625
4967,190100
4968,143786.65625
4969,149948.484375
4970,136752.671875
4971,147250.5
4972,144273.78125
4973,199098.40625
4974,150785.40625
4975,275999.8125
4976,159044.53125
4977,259550.78125
4978,168706.53125
4979,144767.8125
4980,166451.34375
4981,238277.5625
4982,138732.265625
4983,270302.65625
4984,169013.984375
4985,190838.78125
4986,309986.84375
4987,184173.265625
4988,157746.484375
4989,155721.671875
4990,130141.8828125
4991,148255.515625
4992,138524.890625
4993,180138.203125
4994,140919.125
4995,262365.59375
4996,144658.96875
4997,145873.765625
4998,209791.125
4999,138131.609375
5000,223670.5
